Data;Imp-Total $;Imp_Bens_capital _$;Imp-Bens intermediarios $;Imp-Bens de consumo($);Imp-Bens de consumo duraveis($);Imp-Bens de consumo semiduraveis e nao duraveis(US$);Imp-Combustiveis e lubrificantes(US$);Imp - Bens nao especificados anteriormente(US$);Exp-Total(US$);Exp- Prod. basicos(US$);Exp-Prod. Semimanufaturados(US$);Exp-Prod. Manufaturados(US$);PIB-mensal(MU$);credito(MR$);Infl- IGPM;Infl-IPCA;Div Publica(MR$);Div publica(M$);Div Pub(%PIB)
jan/04;4207686908;432475957;2776453775;341810085;76750840;265059245;666284765;30629;5786904166;1740539129;985731738;2978527530;49802;417770;0.88;0.76;917346.23;312011.91;71.59
fev/04;3748677231;466143181;2487598057;347762513;85158820;262603693;459220386;676026;5715580929;1618078336;881333210;3148654403;50345;420849;0.69;0.61;910484.19;312558.94;71.7
mar/04;5336953197;576749464;3601073546;477420075;85935799;391484276;689780576;282987;7907130664;2452782643;1070027189;4284992907;56809;423347;1.13;0.47;913609.96;314192.85;72.19
abr/04;4627585238;551587540;2937529364;384876230;85272331;299603899;760500390;138012;6581422428;1898813260;790874715;3823521892;55324;435554;1.21;0.37;918095.92;311863.83;71.31
mai/04;4830229172;550615137;2960861890;448812347;102315374;346496973;875132053;91827;7930944020;2577222857;1009688695;4261516012;54872;445864;1.31;0.51;941268.02;300888.03;70.69
jun/04;5523155106;544263938;3543236033;466606180;108131010;358475170;975839171;280363;9306641136;3381306049;1213030358;4613619933;55580;452933;1.38;0.71;946539.21;304676.73;70.82
jul/04;5522542967;558319960;3524076066;484082821;107812514;376270307;962863664;863548;8962900814;2778036865;1348030516;4765905521;58082;457302;1.31;0.91;944978.98;312286.51;69.53
ago/04;5617645595;595847802;3651284605;447089339;82954678;364134661;929027333;240264;9051481682;2966368149;1215139269;4711743506;57685;464457;1.22;0.69;945701.39;322434.84;68.78
set/04;5744523506;582877592;3789529215;502824459;107363751;395460708;877751086;241413;8912129563;2654271767;1285027979;4840345963;57115;473707;0.69;0.33;942224.68;329702.81;68.6
out/04;5841240001;568220075;3609871097;467807073;98242113;369564960;1194449557;139148;8835878929;2303633733;1120669881;5301900383;57839;487245;0.39;0.44;949353.89;332441.74;68.6
nov/04;6069456906;654106986;3870227577;573235059;132523442;440711617;980481917;55206;8151338312;2102279477;1267465686;4683532684;58485;493284;0.82;0.69;945276.05;346267.65;67.72
dez/04;5674809686;650599943;3576854300;535311085;116716640;418594445;922687561;517381;9189831767;2055238416;1245810483;5723193419;57402;498722;0.74;0.86;961136.09;362200.82;68.03
jan/05;5249728106;593890394;3473547335;439401029;92653657;346747372;754246053;1589891;7485629350;1770694951;1166489055;4353000539;67201;505701;0.39;0.58;958542.86;365298.35;67.77
fev/05;4972504954;550125046;3090947469;440835530;93948182;346887348;897350045;128738;7784903487;1860239778;1225184227;4551099373;67794;511638;0.3;0.59;961434.65;370609.3;67.79
mar/05;5899499577;717867753;3745067869;569253303;135509441;433743862;876654204;897415;9294172710;2280389067;1411417796;5404675563;75512;520285;0.85;0.61;970529.23;364121.42;68.92
abr/05;5322289594;627874883;3542076554;476422289;116070326;360351963;684932694;559181;9251741241;2833865712;1238867597;4980453237;74766;530000;0.86;0.87;956982.76;378179.32;67.59
mai/05;6362747208;758342094;3824504168;520767864;118734254;402033610;1268416931;300169;9852770464;3006334510;1323392589;5317648078;73737;533930;-0.22;0.49;952854.87;396527.2;67.44
jun/05;6158080439;746731779;4112235168;617955276;132772017;485183259;698265639;814565;10225065341;3069683886;1450683576;5511544015;74201;541320;-0.44;-0.02;960506.01;408795.54;67.67
jul/05;6048467166;670985726;3969894329;537578526;125590415;411988111;878363217;88018;11087455272;3846177116;1412664777;5617195324;75713;548819;-0.34;0.25;970176.25;405982.45;67.55
ago/05;7685088674;823925635;4618437129;634101885;149343516;484758369;1619138416;185867;11346546520;3839732323;1234738235;5980600371;77525;557835;-0.65;0.17;976027.54;413063.41;67.33
set/05;6303019900;812066784;3892494293;617693776;160760116;456933660;992570106;97017;10662759603;3258764396;1245798165;5900085073;75726;564357;-0.53;0.35;971650.69;437404.65;67.28
out/05;6218255099;717863691;3822787045;635258867;163609599;471649268;1051285382;824765;9933356197;2857233384;1272450187;5563719198;76803;575972;0.6;0.75;978031.3;434005.46;66.88
nov/05;6697633206;756340564;4160329288;728671804;227711883;500959921;1066575778;331152;10850018013;3162990086;1478258606;5916774823;76692;590126;0.4;0.55;983151.52;445631.18;67.52
dez/05;6551077540;820187847;3913089281;720039265;190560376;529478889;1106658720;510171;10918438346;2945462956;1502585867;6256011349;76363;607023;-0.01;0.36;1010240.62;431745.21;66.97
jan/06;6441071084;759860665;4091038682;630123377;167227574;462895803;970252892;307826;9283573556;2741580593;1275415041;5032873374;85112;608729;0.92;0.59;1022617.57;461636.68;66.51
fev/06;5962608262;657091795;3686710527;571322243;136331429;434990814;1055440318;953811;8763461652;2089394866;1238636341;5212216533;84566;615673;0.01;0.41;1023883.68;479638.21;66.75
mar/06;7704100178;903977076;4704194459;795113019;230106118;565006901;1300914046;2392508;11393675691;3159264246;1541890139;6442524068;93564;625790;-0.23;0.43;1032060.29;475253.4;66.99
abr/06;6734804386;719272669;4149953242;695018210;226406412;468611798;1176461066;681968;9826915240;2828176876;1258787908;5462626558;89327;637440;-0.42;0.21;1019291.28;488072.82;64.38
mai/06;7272316728;866268913;4490584452;814649742;256756308;557893434;1115800623;272920;10295335190;2922455395;1273125359;5864135123;93238;654129;0.38;0.1;1042621.49;453372.83;63.51
jun/06;7352736030;919513748;4396946368;771716582;265569319;506147263;1276634636;299199;11452428542;3308984653;1758591628;6189292109;91244;658510;0.75;-0.21;1037934.84;479748.02;64.52
jul/06;7973597590;932964207;4999033835;813119797;290375881;522743916;1246224019;335327;13645350180;4655373680;1887581928;6811903183;95620;669514;0.18;0.19;1045318.25;480517.72;63.26
ago/06;9100451125;944294486;5519522132;955690036;316766416;638923620;1697404744;265657;13651773501;4254738207;1985302035;7130592015;97371;674302;0.37;0.05;1049893.42;491063.34;63.53
set/06;8097103632;930793176;4957525304;944946018;319787844;625158174;1275536232;128239;12564475317;4003769348;1741951550;6589206762;93011;684392;0.29;0.21;1061646.39;488472.62;64.68
out/06;8720351914;970609501;5349734709;974056893;322268476;651788417;1441920326;1804297;12681615567;3715206200;1864200182;6888335814;95477;697581;0.47;0.33;1061724.39;495623.37;64.12
nov/06;8650487655;929915644;4961295769;1049398271;353134930;696263341;1717407704;175158;11890951040;3413388625;1804488332;6427336352;94996;717045;0.75;0.31;1074336.32;496000.15;64.52
dez/06;7183226766;981427552;4356623548;995174863;340826419;654348444;879471472;274307;12258541283;3192794943;1892687341;6967270592;93605;732590;0.32;0.48;1091255.36;510600.49;64.6
jan/07;8438278791;1030409729;5142200816;861581994;206974637;654607357;1426165978;200369;10977014469;3194486170;1738625934;5800889653;106106;738456;0.5;0.44;1102636.37;519156.44;63.6
fev/07;7218817764;796457144;4539530017;791152684;221990117;569162567;1100932491;817789;10126617834;2904834757;1507514898;5503752727;105163;748518;0.27;0.44;1111459.95;524917.33;64.69
mar/07;9503352251;1089563301;5865980145;1169640749;382107639;787533110;1459586728;543296;12882221542;3731706718;1632658293;7291006820;116698;762353;0.34;0.37;1112960.56;543013.54;64.49
abr/07;8248527637;974704251;5124732931;1005437941;337830779;667607162;1160461143;128885;12441325632;4178447747;1595186328;6417618572;113217;781888;0.04;0.25;1106671.09;544326.93;63.67
mai/07;9773823822;1206917366;6007009826;1114019208;369481585;744537623;1465660989;212187;13639244106;4374212012;1870138391;7145154825;117097;793133;0.04;0.28;1105428.31;573325.2;64
jun/07;9284865192;1143234161;5667806618;1043895183;385666096;658229087;1440522854;158782;13112703159;3995434823;1841643542;7014859673;115928;805488;0.26;0.28;1108049.12;575490.35;64.28
jul/07;10763401381;1227732025;6363609341;1181170181;394289481;786880700;2002246536;440953;14111142334;4877459144;1903968491;7077937666;120301;824442;0.28;0.24;1110791.71;591854.07;62.16
ago/07;11550294251;1418287380;7093506294;1307452660;467746509;839706151;1739459173;551566;15094325172;5125723383;2049829705;7590316123;121468;849829;0.98;0.47;1123920.11;573077.76;62.68
set/07;10699705074;1312157096;6183105366;1261808960;467133883;794675077;1933763820;139047;14154511857;4444011893;1801278739;7649158213;116491;865511;1.29;0.18;1125937.87;612555.29;62.46
out/07;12348614219;1316143427;7357521096;1589151880;586674414;1002477466;2075034509;1288733;15752432004;5616782920;2128595858;7703077427;123912;889035;1.05;0.3;1152686.61;661247.48;62.7
nov/07;12041919507;1381864751;6855048521;1518434647;538637196;979797451;2275217890;171214;14010939347;4275043440;1938008109;7528100527;121705;918815;0.69;0.38;1161273.55;651339.7;63.14
dez/07;10603783084;1398977362;5935459467;1310135538;498154110;811981428;1945010458;2890804;14219405299;4877491513;1792422873;7221022143;118712;943922;1.76;0.74;1181418.39;667279.52;63.02
jan/08;12356607690;1648980025;7795404456;1358393814;488478686;869915128;1550654313;902898;13267003721;3992542773;2015694464;6864214634;131280;953413;1.09;0.54;1173193.13;666776.43;61.3
fev/08;11969970471;1397161208;7274406310;1268834091;375528855;893305236;2011041866;786108;12792862019;3791708108;1925449156;6688566817;131651;967443;0.53;0.49;1187260;705652.3;61.9
mar/08;11640531369;1207057420;6756691914;1390646880;510785942;879860938;2268213036;3549672;12605663747;3664273877;1645121998;6987933345;139795;1001598;0.74;0.48;1175814.84;672547.53;61.93
abr/08;12343736992;1516885572;7216368019;1444683131;575040948;869642183;2147893495;321568;14046778995;4610412160;1818583321;7287256635;140953;1026847;0.69;0.55;1187179.5;703972.66;59.83
mai/08;15240387212;1765485663;8728665907;1487343085;635004070;852339015;3244894954;502171;19291294936;8358912750;2603126274;7858767975;141174;1053889;1.61;0.79;1205083.17;739950.37;60.04
jun/08;15882447756;1777824743;9031375723;1670270586;634775639;1035494947;3385589582;601786;18581634423;7585843414;2190418383;8317230177;144501;1076833;1.98;0.74;1245468.95;782772.26;61.38
jul/08;17147067713;2103727227;9849707964;1843099799;824826289;1018273510;3324258242;2515033;20435789299;8317789770;2966801863;8652365290;151930;1094368;1.76;0.53;1258612.6;803814.41;58.03
ago/08;17461024929;2291253465;9561835959;1905494766;678936486;1226558280;3687433177;625913;19736614007;8183189443;2788142928;8286218794;148748;1119457;-0.32;0.28;1252750.34;766864.8;58.26
set/08;17274187149;2152937723;9974991280;2158851748;829003620;1329848128;2971636462;965291;20000906122;7426652788;2746270365;9290315371;147463;1160687;0.11;0.26;1210130.01;632417.04;58.16
out/08;17195476814;2074575974;9982150281;1962423644;773270327;1189153317;3164393159;732936;18479927163;7180107030;2777266400;7975998238;148780;1193073;0.98;0.45;1169102.57;552897.88;57.95
nov/08;13104641809;1705072901;8003508184;1744413768;645339558;1099074210;1664408598;1152612;14737195787;5174602867;2048167021;7210673151;137099;1215779;0.38;0.36;1147607.87;492049.85;58.45
dez/08;11502508881;1939954280;6144637386;1458615046;501622303;956992743;1955613627;2351173;13803187866;4741624971;1548118877;7263072398;129771;1233987;-0.13;0.28;1175202.88;503040.36;61.42
jan/09;10308172984;1737100352;5917844680;1248121424;432500995;815620429;1406742023;1833882;9772175972;3558542689;1659868679;4325881604;124896;1235244;-0.44;0.48;1192857.29;515184.11;58.66
fev/09;7823140395;1257824124;4594745686;1102537527;330752533;771784994;869652194;910658;9577634744;3489181535;1303976933;4628859714;125416;1234825;0.26;0.55;1198527.06;504091.13;59.53
mar/09;10057869968;1665874677;5520444122;1632864092;481267700;1151596392;1232456993;1407529;11802303703;4601160849;1343038016;5599789466;138934;1248303;-0.74;0.2;1196634.19;517038.62;60.2
abr/09;8628674830;1631748288;4792152200;1319076691;500671889;818404802;885382157;1189636;12316275443;5594067276;1433670151;5041298743;134806;1254564;-0.15;0.48;1217629.67;559186.99;59.25
mai/09;9370142178;1432742945;5261080814;1376379392;515985198;860394194;1290491212;811073;11977494512;5369692948;1428890547;4966129384;136452;1266918;-0.07;0.47;1255305.58;636500.14;59.11
jun/09;9876841477;1360927053;5771736263;1393267783;576522039;816745744;1337777908;1178673;14460763044;6775868177;1671439236;5737685970;138912;1282923;-0.1;0.36;1271909.27;651993.68;61.12
jul/09;11243948773;1491433293;6576969227;1586379944;588625609;997754335;1565670918;10950650;14137399035;6398490666;1735830756;5744725421;144626;1313534;-0.43;0.24;1309624.96;699660.73;61.47
ago/09;10798619015;1372637234;6547232388;1614323856;669439311;944884545;1252261632;1419268;13836142431;6089500818;1862741308;5585019036;144293;1333320;-0.36;0.15;1315493.35;697652.39;63.01
set/09;12562783403;1562291238;7281821553;1854879946;763463427;1091416519;1849598114;5789147;13855605344;5502411041;1881696930;6161765340;143587;1353111;0.42;0.24;1352484.66;760977.13;63.11
out/09;12777304965;1557541404;7472931391;1985780925;806651161;1179129764;1692227037;57674283;14075282510;5454002141;2142575852;6221708675;148839;1372244;0.05;0.28;1359093.2;779654.2;62.74
nov/09;12057489264;1609259928;6922410882;2032146476;820538091;1211608385;1477876647;767346;12642994284;4394394872;2041975168;5897713033;146113;1392918;0.1;0.41;1358562.54;776454.56;62.76
dez/09;12307166647;1794471190;6532713277;2120248216;911904682;1208343534;1814137217;32196310;14456509361;4730137128;1993488769;7438484042;145750;1420515;-0.26;0.37;1378128.65;791845.93;64.7
jan/10;11503770885;1525690279;6966473406;1676444824;706336739;970108085;1329106451;6055925;11298307700;4072559852;1716509929;5193858114;166863;1430550;0.63;0.75;1354993.66;723048.91;61.7
fev/10;11813442316;1511568181;6953321526;1664496957;641692868;1022804089;1683044286;1011366;12192002643;4752101334;1794324183;5319037782;169089;1441519;1.18;0.78;1380642.62;762701.7;62.1
mar/10;15054279307;1934203723;8827751520;2225434579;845299623;1380134956;2056250347;10639138;15722338627;6635512816;2070785666;6645842512;190127;1458091;0.94;0.52;1399577.96;786191.42;62.99
abr/10;13879032814;1633415031;7909594334;1881179964;803288426;1077891538;2435822953;19020532;15152532140;7015893315;1918672971;5939557691;183173;1474310;0.77;0.57;1405027.69;812248.64;64.58
mai/10;14244396090;1958063561;8154884507;2132183126;893758555;1238424571;1996828098;2436798;17691830074;8569992905;2330000644;6487996648;182609;1505517;1.19;0.43;1407973.82;775358.68;64.93
jun/10;14828947481;2177254316;8305552115;2118604429;923959714;1194644715;2226332498;1204123;17088559146;7625827432;2539128352;6529779025;181958;1536422;0.85;0;1423889.35;790742.13;64.14
jul/10;16330730253;2351714013;9318429193;2209259413;882515435;1326743978;2449679921;1647713;17663334713;7952980495;2566805046;6825190092;189333;1556280;0.15;0.01;1446566.97;823597.68;63.03
ago/10;16828834654;2641948066;9564793421;2462154816;1042634822;1419519994;2141400863;18537488;19219141687;9168736466;2475815154;7134852848;189489;1589856;0.77;0.04;1459448.53;831499.85;62.5
set/10;17759446748;2688761955;9856480874;2637648562;1108829910;1528818652;2574182709;2372648;18825650957;8904418562;2447550612;7148356301;186993;1621541;1.15;0.45;1448230.71;855220.69;62.32
out/10;16552228242;2295328558;9474259784;2556320084;1073802910;1482517174;2225222471;1097345;18372753965;8206689713;2690771834;7178942551;190513;1651813;1.01;0.75;1452759.58;854262.95;62.27
nov/10;17404503366;2479650627;9558250122;2840214314;1215644445;1624569869;2523717473;2670830;17682590623;7430883965;2970191360;6980951522;191475;1685712;1.45;0.83;1468353.89;856033.28;62.14
dez/10;15575357222;2480006973;8753462224;2692337712;1248925988;1443411724;1648037679;1512634;20879294760;9598523899;2677288263;8133011331;188129;1712708;0.69;0.63;1495284.55;897853.1;62.43
jan/11;14817847436;2106793506;8751205034;2325928121;1020092475;1305835646;1610100966;23819809;15207473207;6683222783;2332198916;5920191816;199170;1718711;0.79;0.83;1496047.48;894444.27;59.87
fev/11;15546907843;2151277873;8609555389;2452874313;1056130027;1396744286;2331069260;2131008;16729001375;7359393106;2274966652;6647655166;205112;1741509;1;0.8;1514627.48;912206.38;60.29
mar/11;17735261594;2318568645;9968879276;2714414253;1094507026;1619907227;2731175614;2223806;19277222996;8758757691;2709027392;7426860608;219420;1759678;0.62;0.79;1527057.76;938053.79;60.36
abr/11;18317800913;2395931795;9863438061;2774508026;1283818099;1490689927;3283281667;641364;20161945930;10306853266;2587998171;6778103989;214817;1783487;0.45;0.77;1539945.02;979297.31;60.99
mai/11;19679803667;2730470449;10991258393;2667538535;1158671425;1508867110;3284273455;6262835;23199365887;12099152423;2970635122;7604059156;220646;1812128;0.43;0.47;1555684.57;985171.66;60.5
jun/11;19251134755;2511025821;10742014546;2767016417;1216188452;1550827965;3229843823;1234148;23683910083;10946484288;3296762325;8984751568;218366;1840157;-0.18;0.15;1569058.06;1005613.06;61.08
jul/11;19110922861;2439946370;11011897676;2915355337;1252399658;1662955679;2729072455;14651023;22245125706;10675657018;3321583629;7788800971;223091;1861598;-0.12;0.16;1573965.23;1011870.93;58.58
ago/11;22261138892;2981918884;12530590878;3306595475;1390201943;1916393532;3440237437;1796218;26148242211;12761694441;3935308655;8945256966;227371;1894713;0.44;0.37;1568355.81;988625.7;59.07
set/11;20212024456;2472387923;11237244500;3011468071;1205636437;1805831634;3487491324;3432638;23279896966;11351676167;3449272946;8030462218;219817;1935781;0.65;0.53;1501918.85;810271.28;59.99
out/11;19775115640;2556347106;10522861528;3034618122;1275990064;1758628058;3660642138;646746;22120463148;10921982388;3011369649;7752475943;223477;1950658;0.53;0.43;1557328.59;922697.35;59.82
nov/11;21202832161;3013328178;10915800822;3734105817;1790962601;1943143216;3514629306;24968038;21764079481;10056898106;3389697624;7860532128;223653;1988613;0.5;0.52;1535015.14;847980.96;60.27
dez/11;18333431910;2836697659;9529145705;3153581635;1414160111;1739421524;2812857083;1149828;22119579867;10492452466;2745293498;8494594788;219543;2033954;-0.12;0.5;1536153.85;819238.36;60.63
jan/12;17447420464;2329666524;9748226969;2763601980;1118414975;1645187005;2605314548;610443;16068815622;6939924807;2502172475;6139421820;189399;2033185;0.25;0.56;1571757.02;904088.02;59.49
fev/12;16334451708;2363339735;8962914088;2680587040;1015729034;1664858006;2310053879;17556966;17997128340;7434520136;2700692612;7437046711;192665;2041040;-0.06;0.45;1590253.05;930734.55;61.21
mar/12;18885646783;2482381999;10342149357;3044871004;1171418013;1873452991;3014507803;1736620;20866851083;10137195704;2400510677;7845886939;208759;2078912;0.43;0.21;1557626.95;855134.2;60.02
abr/12;18699061373;2605500293;9792669686;2493879768;1063065426;1430814342;3804072876;2938750;19549415067;10066316923;2201046790;6843640662;200056;2106585;0.85;0.64;1534608.97;811447.21;60.85
mai/12;20264119322;3230963156;10859631015;2836133468;1148356394;1687777074;3325898200;11493483;23201280483;11841789247;2988839343;7813724343;206366;2142061;1.02;0.36;1516641.09;750181.08;61.57
jun/12;18555490041;2525232022;9890903003;2357069418;883227509;1473841909;3780482858;1802740;19340965719;9364495925;2440179439;7079898211;202944;2175135;0.66;0.08;1532365.01;758333.75;62.44
jul/12;18139149673;2493962764;10256148756;2573843642;1084707180;1489136462;2811639693;3554818;20982632833;9992016384;3044413257;7519922333;211392;2192888;1.34;0.43;1534757.32;748881.29;59.59
ago/12;19159157629;2696601380;11708175887;3004362750;1137910912;1866451838;1746206794;3810818;22366137466;10783311916;3006140506;8171582770;216153;2219866;1.43;0.41;1559624.44;765798.11;59.21
set/12;17452583093;2518514152;9922394789;2655512312;833128061;1822384251;2349496221;6665619;19974692566;9457665586;2634836063;7461289387;205145;2244474;0.97;0.57;1557624.07;767302.5;59.79
out/12;20245123808;3036896679;11767634042;3163437675;1075883557;2087554118;2271785883;5369529;21724735819;9234068625;3460787811;8586360310;216196;2276286;0.02;0.59;1567887.31;772054.02;59.98
nov/12;20673385449;2698805389;10319621626;2996587507;1081544397;1915043110;4656544737;1826190;20467330620;8853548436;2914880742;8255673599;210632;2310841;-0.03;0.6;1564275.5;742488.85;60.5
dez/12;17511131680;2675439741;9439333482;2808837134;1176562950;1632274184;2584048813;3472510;19737321572;9273956086;2740081900;7335453893;203842;2368338;0.68;0.79;1581280.63;774037.22;61.61
jan/13;20013308539;2649948010;10573760918;2713430700;814440629;1898990071;4071735770;4433141;15961542921;6542313368;2667977590;6258339553;194234;2366165;0.34;0.86;1599520.85;804709.39;59.02
fev/13;16834341142;2513786415;8960333840;2350603852;640818055;1709785797;3007112525;2504510;15543267737;7050645985;2126665182;6031144881;190831;2383597;0.29;0.6;1631793.22;826266.25;59.27
mar/13;19138599304;2581910809;10492831113;2877928410;952550155;1925378255;3182081139;3847833;19308488676;8876819512;2556362465;7457738429;206887;2427062;0.21;0.47;1623965.4;806658.75;59.16
abr/13;21630002883;2842307076;11484796897;3105238740;1129354536;1975884204;4195221666;2438504;20627048032;10470707425;2456672224;7242116282;208797;2449147;0.15;0.55;1635030.71;817065.97;58.58
mai/13;21048222939;2800636198;11337118645;2796768997;1050278862;1746490135;4107889680;5809419;21819448969;11502337723;2468004746;7393572809;205035;2487294;0;0.37;1618268.69;759251.52;58.13
jun/13;18830624180;2981555659;10671695473;2852606471;1067112789;1785493682;2323478425;1288152;21126804222;9917283951;2384785822;8353002361;202504;2531576;0.75;0.26;1617045.25;730043;58.63
jul/13;22712863189;2769037070;11890110026;3048521424;1128244163;1920277261;4941290239;63904430;20800950742;9982574158;2402155282;7925193445;212977;2545127;0.26;0.03;1614285.77;705020.64;57.58
ago/13;20208165119;2644029860;12090354734;3083292310;1036590141;2046702169;2388612219;1875996;21421598606;10616027059;2732693416;7547996778;213036;2577874;0.15;0.24;1615203.05;680974.35;57.98
set/13;18881649681;2450607719;11147878045;2758634968;951026552;1807608416;2522921802;1607147;20844808826;10491896547;2672882647;7207176404;206743;2597168;1.5;0.35;1656896.58;743202.92;57.74
out/13;23049601170;2949313913;12589889681;3493374165;1327238173;2166135992;4011091274;5932137;22817525747;9626124018;2831658682;9828672883;213500;2604241;0.86;0.57;1683156.11;764376.07;58.08
nov/13;19129391971;2570681049;10974907177;2876913396;968947680;1907965716;2702451775;4438574;20854356184;9125673751;2482880915;8775912428;208107;2646873;0.29;0.54;1647842.63;708962.97;58.87
dez/13;18204461518;2944296636;9443785199;2716997602;939666407;1777331195;3092357470;7024611;20841721097;8796539236;2740738338;8885440734;205805;2711371;0.6;0.92;1660187.02;708875.76;59.59
jan/14;20090904406;2988211882;11062298421;2739430310;804623170;1934807140;3298678518;2285275;16022007486;6891088636;2512635945;6093029700;198076;2713271;0.48;0.55;1650951.25;680608.17;57.72
fev/14;18061415737;2209788222;9759324679;2497337667;739023848;1758313819;3592640528;2324641;15927730957;7169022912;2156202769;6082991238;199419;2725652;0.38;0.69;1686848.5;723131.35;57.77
mar/14;17508716522;2255075531;10266855120;2708410786;890097197;1818313589;2274544172;3830913;17616147895;9236135235;1954266612;5998503721;207484;2752289;1.67;0.92;1706644.69;754351.44;57.77
abr/14;19213175305;2578477822;10626370031;2647498138;952823165;1694674973;3355658677;5170637;19720508764;10607342024;2144493291;6467907526;206414;2771347;0.78;0.67;1716892.6;768047.15;57.03
mai/14;20041159100;2653489546;11420862788;2788294327;961156460;1827137867;3172581473;5930966;20747454107;11385496318;2193700717;6673082159;206036;2798015;-0.13;0.46;1750829.66;782179.08;58
jun/14;18119252149;2412540479;9678434237;2690679869;923716742;1766963127;3326845432;10752132;20461913631;10861393747;2339187318;6737185292;197531;2824626;-0.74;0.4;1779742.89;808275.98;59.31
jul/14;21458551946;2522395636;11512917818;2847694395;928851051;1918843344;4568163203;7380894;23020904817;11629532073;2834338116;7978072391;209289;2830844;-0.61;0.01;1799679.43;793929.52;57.95
ago/14;19302292833;2263124886;11214255861;2844479050;829404077;2015074973;2970030541;10402495;20460237817;9801290992;2562133443;7478231690;207050;2857674;-0.27;0.25;1838332.58;821050.73;58.08
set/14;20559338566;2431162396;11188425657;2930601149;832513106;2098088043;3928299636;80849728;19612975989;9336672635;2717648620;6945935235;206855;2896570;0.2;0.57;1850280.06;755093.07;58.06
out/14;19509541940;2538479219;11289005159;3117104155;900930932;2216173223;2553775755;11177652;18321183349;8139928687;2801596487;6844582936;210243;2919447;0.28;0.42;1878610.91;768788.23;57.42
nov/14;18072035599;2392135818;10025681450;2685338628;889949166;1795389462;2957213484;11666219;15640378217;6843761412;2330359731;5991140851;203146;2956599;0.98;0.51;1891087.24;738850.26;58.81
dez/14;17191459211;2243051104;8837619016;2619136839;796200549;1822936290;3479289157;12363095;17422958199;7578806558;2514013778;6877524891;203302;3017456;0.62;0.78;1915773.07;721408.75;61.62
jan/15;16870914361;2594260166;9670228781;2345126420;606439666;1738686754;2257784908;3514086;13685539814;5832436933;2473203495;4965199402;146722;3021439;0.76;1.24;1934268.91;726704.33;59.71
fev/15;14933060657;1696239137;8459811985;2200012778;596811053;1603201725;2575985925;1010832;12085854219;4991233152;1896561666;4862117528;144625;3033447;0.27;1.22;1927287.63;669731.95;61.49
mar/15;16519082042;2070582649;9763287029;2781957600;780614278;2001343322;1896264732;6990032;16974582658;7522895411;2460831961;6530929635;159076;3070536;0.98;1.32;1919732.26;598532.23;63.91
abr/15;14664925803;2083669032;8607246027;2225416169;707584227;1517831942;1734869807;13724768;15146671341;7545566098;1716790274;5500918231;151592;3070599;1.17;0.71;1972169.01;658927.17;63.68
mai/15;14011848151;1856074140;8308395428;2159463259;614697093;1544766166;1680869595;7045729;16763260821;8586676286;1990674253;5806245922;149398;3092238;0.41;0.74;1984129.32;624313.05;64.33
jun/15;15100239873;2047626462;8621814058;2416392576;725301904;1691090672;2007686216;6720561;19618414393;9531016067;2248850333;7364206189;148659;3109807;0.67;0.79;2033575.55;655590.3;65.65
jul/15;16137780935;2407714932;9320634440;2617261407;725635598;1891625809;1786031398;6138758;18530260092;9021105361;2386512755;6695584997;153732;3118916;0.69;0.62;2043298.54;602139.02;65.69
ago/15;12793930239;1826649106;7683027740;2205036256;612918408;1592117848;1041902582;37314555;15479260926;7318100931;2169931000;5619113392;151083;3143775;0.28;0.22;2034274.14;557931.53;67.53
set/15;13198695562;1707762158;7945817232;2108137017;501554979;1606582038;1429172550;7806605;16121955297;7155684409;2276914398;6311679820;147995;3173851;0.95;0.54;2029610.73;510953.81;69.68
out/15;14053830493;1665565366;7949775997;2239112690;542529081;1696583609;2197629107;1747333;16004721968;7269336803;2353152134;6032106762;150700;3166509;1.89;0.82;2094869.64;542965.54;67.94
nov/15;12607215707;1673230002;7247682741;1891391647;446115104;1445276543;1786042925;8868392;13784326015;5859917807;2015305562;5555109123;146220;3186300;1.52;1.01;2160879.33;561281.94;69.18
dez/15;10567475936;1701015982;5836591587;1620744086;357306616;1263437470;1322815482;86308799;16776239795;6466393412;2469668263;7484833949;146366;3229259;0.49;0.96;2272217.17;581993.03;71.73
jan/16;10322817689;1932887715;5947747652;1589639553;255179597;1334459956;846412606;6130163;11237671888;4747876114;1851705667;4335754176;141880;3207706;1.14;1.27;2286788.39;565728.66;70.48
fev/16;10310002857;1203674101;6023908913;1845774285;300990683;1544783602;1233533482;3112076;13342657735;5242576908;2283094988;5540347280;144387;3191769;1.29;0.9;2360392.03;593212.37;71.53
mar/16;11560680865;1516867636;6996456525;1919974686;412554987;1507419699;1121920969;5461049;15991515695;7386046647;2112921353;6168521237;155414;3170236;0.51;0.43;2423128.13;680979.16;72.59
abr/16;10510187072;1317264473;6499989282;1613610620;384018159;1229592461;1074060442;5262255;15371702452;7738510779;1836768403;5431532998;150727;3150104;0.33;0.61;2458650.72;712611.07;71.07
mai/16;11138188323;1420868262;7048726978;1669642804;385522481;1284120323;984073457;14876822;17568728661;8298046724;2278022135;6641558838;148441;3156976;0.82;0.78;2493775.18;693775.26;72.38
jun/16;12771343238;2669191373;7260132260;1767934786;373468632;1394466154;1058584174;15500645;16737988800;7817498386;2443744255;6093607281;150782;3139311;1.69;0.35;2627112.1;818619;73.3
jul/16;11753856964;1732544359;7369135142;1677409285;367352846;1310056439;968265122;6503056;16327912914;7028035434;2399088817;6560922522;152480;3125682;0.18;0.52;2672668.3;825305.18;72.85
ago/16;12849081694;1380174998;8372963621;2088428854;388771046;1699657808;968401887;39112334;16982986270;7225352706;2700810110;6617985056;154389;3124414;0.15;0.44;2742366.38;846487.76;72.25
set/16;11994668595;1224862939;7774339595;1893550177;375825543;1517724634;1090541745;11374139;15800010272;6560207965;2727877913;6134425806;150036;3120739;0.2;0.08;2805851.53;864509.34;74.24
out/16;11379593538;1268293363;7264342344;1848232773;373216134;1475016639;988075523;10649535;13715472582;5669263888;2231351649;5514033567;149847;3104203;0.16;0.26;2824324.97;888012.88;74.06
nov/16;11466276521;1298037534;7340550222;1876871120;429630852;1447240268;948457417;2360228;16217946018;5539600716;2444018620;7898293606;149762;3113165;-0.03;0.18;2831739.36;833820.96;74.94
dez/16;11529133620;1403314023;7061220510;1937888148;396677200;1541210948;1124883417;1827522;15937523014;5905726080;2653119118;6981626770;151379;3116285;0.54;0.3;2994966.58;919124.31;77.45
jan/17;12197816186;1274015506;8044340376;1797590214;322134844;1475455370;1078251214;3618876;14908254032;6786031099;2597154646;5120843859;160926;3084516;0.64;0.38;3047147.56;974650.58;76.58
fev/17;10913271432;1021043944;6639215139;1672250726;260304864;1411945862;1576796815;3964808;15468689520;7364538452;2205356552;5545685950;162485;3081361;0.08;0.33;3109156.92;1003374.62;77.96
mar/17;12937672447;1419991118;8089239976;2027236270;383369290;1643866980;1342138884;59066199;20073937574;10011376860;2373244679;7231994387;177921;3088701;0.01;0.25;3138396.32;990717.95;79.55
abr/17;10716655171;1115746977;6814726623;1543505558;378441112;1165064446;1242315091;360922;17679829041;9000587535;2108347449;6141339285;168409;3080583;-1.1;0.14;3146590;983985.87;79.77
mai/17;12129014411;1180720862;7496173086;2100114919;456679254;1643435665;1341711799;10293745;19789994972;9702484961;2777893729;6871168698;171279;3075681;-0.93;0.31;3199139.69;986444.97;79.15
jun/17;12595233519;1260820101;7875391346;1815690814;418597423;1397093391;1640972691;2358567;19779121415;9587645414;2989726100;6747577536;170137;3088229;-0.67;-0.23;3230607.09;976722.42;80.63
jul/17;12473405397;1339372147;7873195987;1735336470;377355606;1357980864;1522331435;3169358;18758765145;8355609078;2604801819;7384888622;174050;3062865;-0.72;0.24;3323550.18;1061803.19;79.31
ago/17;13879233351;1471185403;8780612855;2109544682;422321609;1687223073;1517300227;590184;19470948763;8974116100;2791827960;7264504374;176829;3061352;0.1;0.19;3367257.37;1070159.66;81.11
set/17;13488327247;1568795597;8514569895;2090065948;414683370;1675382578;1313345531;1550276;18659335519;8537620504;2883492181;6891001353;171145;3061220;0.47;0.16;3411459.81;1077053.67;81.63
out/17;13678843512;1581405814;8226859555;2121273184;515863651;1605409533;1744863643;4441316;18871946607;8465732691;2956881395;6997493827;173188;3065970;0.2;0.42;3415082.17;1042359.42;81.42
nov/17;13142506475;1438215972;7832935805;2252530570;522011909;1730518661;1604574095;14250033;16683107767;7004156808;2520665926;6774246399;172754;3077518;0.52;0.28;3453857.69;1059140.66;82.12
dez/17;12597515273;1463771048;7476708312;2000872054;446112988;1554759066;1650674243;5489616;17595288111;7273421749;2624747098;7282746978;174150;3102098;0.89;0.44;3505361.47;1059854.11;83.14
jan/18;14202766580;1421011250;8509601550;2141739718;461492559;1680247159;2117679487;12734575;17027282678;7551824658;2629157941;6375047992;148986;3077743;0.76;0.29;3532846.45;1117352.92;82.3
fev/18;14411341031;3269911376;7414312513;2031120728;465390652;1565730076;1695455689;540725;17410056953;6829698944;2255557359;7918130318;146724;3071131;0.07;0.32;3560272.77;1097393.2;83.12
mar/18;13808687820;1562562278;8290147522;2153658796;526971620;1626687176;1794632372;7686852;20228663253;9925021719;2535352396;7267447074;159875;3091045;0.64;0.09;3579759.73;1077202.61;84.56
abr/18;13792173075;1772461154;8454554532;2020374495;573092221;1447282274;1542737594;2045300;19712800434;10013178890;2392110266;6845126471;157160;3100160;0.57;0.22;3566365.94;1024670.58;84.88
mai/18;13260789020;1458991184;7985687335;2221819992;475766175;1746053817;1581024124;13266385;19325063725;11061864423;2400121879;5415285246;150384;3114205;1.38;0.4;3540645.07;947608.68;86.14
jun/18;14324850972;1687159995;8919384896;2195714755;610553069;1585161686;1516304693;6286633;20114054526;9556387647;2911050185;7170673397;156320;3135440;1.87;1.26;3573675.31;926975.33;86.75
jul/18;18651023993;4768388414;10095402711;2183636759;559463270;1624173489;1602307976;1288133;22524534227;12699160451;2403371083;7198373566;159957;3131033;0.51;0.33;3641522.19;969960.36;85.93
ago/18;18778067740;3798672896;10202632191;2399293841;706180941;1693112900;2357953602;19515210;21552692723;10578194026;2114233754;8684490681;162441;3163030;0.7;-0.09;3595765.86;869655.81;86.24
set/18;14115911776;1578430512;8895633981;2007179685;528143187;1479036498;1556137018;78530580;19187203958;9989547611;2776006060;6250639630;154132;3178181;1.52;0.48;3673267.23;917559.82;86.35
out/18;16105955810;1840124821;9590628927;2396263912;553419178;1842844734;2268269250;10668900;21897544885;11319452861;2867576080;7584561745;159324;3173709;0.89;0.45;3772984.29;1015034.38;85.23
nov/18;16862252082;3885835922;9063273802;2091635061;470100191;1621534870;1807864647;13642650;20939075942;9934642842;2568270367;8428180237;156941;3208826;-0.49;-0.21;3778639.62;978237.92;86.14
dez/18;12916748963;1546316671;7539383432;1635067613;296653022;1338414591;2193285422;2695825;19345019377;9733960672;2625281795;6984979361;155664;3257681;-1.08;0.15;3832957.88;989354.67;86.97
jan/19;16387772472;3640214532;8810546245;2068142855;434787809;1633355046;1853686815;15182025;18100751168;8160657941;2890575541;7046405049;149089;3232933;0.01;0.32;3867946.08;1059333.96;85.57
fev/19;12621917034;1382293775;7997129788;1999840071;422504703;1577335368;1238391847;4261553;15913601736;8097913640;1957379350;5857734672;148801;3243536;0.88;0.43;3899150.46;1043139.32;86.57
mar/19;13131306034;1596933430;7933666533;1980542411;455958365;1524584046;1618636142;1527518;17677055271;9609134585;2082301249;5984842301;154989;3268521;1.26;0.75;3882047.42;996393.17;87.12
abr/19;13627329780;1594237503;8441051081;1887554821;380905933;1506648888;1703417414;1068961;19450708257;10385117435;2398246796;6666189345;151905;3268282;0.92;0.57;3898797.52;988363.51;86.79
mai/19;14967953392;1779253816;8900755993;2174701800;484816440;1689885360;2108645477;4596306;20686959145;10942479001;2870366595;6873979937;152176;3286623;0.45;0.13;3941330.33;1000312.26;86.06
jun/19;13027693568;1683540632;8045715604;1745009576;419427538;1325582038;1551952524;1475232;18116648540;9683186490;2443789903;5987008660;157968;3296449;0.8;0.01;3994529.3;1042522.52;86.97
jul/19;17760881718;2341088879;11066240192;2306521368;490834724;1815686644;2043202826;3828453;20054255707;11053829670;2396822295;6603597841;159654;3290369;0.4;0.19;4018959.15;1067651.13;86.15
;;;;;;;;;;;;;;;;;;;
;13323832158;;;;;;;;;;;;;;;;;;
