Date;iBov;IBC-Br;PIB-Acum(MR$);PIB-Acum(MU$);Empr- Carteira;DivPub(R$);DivPub(% PIB);DivPub(U$);IPCA(%);Exports(US$);Imports(US$);Exports (Kg);Imports (Kg);Exp- Cotton(US$);Exp- Aluminum(US$);Exp-Iron(US$);Exp-Soy(US$);Exp-Passenger motor vehicles(US$);Exp- Airplanes(US$);Exp-Hydrocarbons(US$);Exp-Motor vehicles for the transport of goods(US$);Exp-Crude Oil(US$);Exp-Orange juice(US$);PIB-mes(MR$);PIB-mes(MU$); Imp-Capital Goods(U$);Imp-Primary food and beverages, mainly for industry(US$);Imp-Primary industrial supplies(U$);Imp-Parts and accessories for capital goods(US$); Imp-Consumption goods(US$);Imp-Passenger motor vehicles(US$);Imp-Primary food and beverages, mainly for household consumption(US$);Imp-Fuels and lubs(US$)
jan/04;101812.1;98.59;144558.6;49802;107.05;917346.23;52.86;312011.91;0.76;5786904166;4207686908;32693675263;8109005076;16599701;16301956;439895545;99169681;195466018;150059109;21173604;49372462;229737858;15659284;144558.6;49802;432475957;80043004;111238900;610585790;341810085;40368251;25679527;666284765
fev/04;100967.2;99.45;287419.9;100147;107.81;910484.19;52.12;312558.94;0.61;5715580929;3748677231;24753835286;6759163397;12100141;9960801;282396619;127324531;188698396;176338124;18999500;64213754;200683383;6522185;142861.3;50345;466143181;84418523;128622605;562955457;347762513;54576372;35517120;459220386
mar/04;97030.3;111.98;444783.5;156956;108.39;913609.96;51.75;314192.85;0.47;7907130664;5336953197;36912969113;8653291327;8737312;16377398;450429529;453433518;271818533;271639106;31592860;90116404;256672821;37526414;157363.5;56809;576749464;127022414;138348791;819374520;477420075;42160962;54487435;689780576
abr/04;96353.3;107.36;601737.4;212280;109.36;918095.92;51.55;311863.83;0.37;6581422428;4627585238;19822876417;6992934845;3488505;9669660;211224560;568559445;232870773;209936187;35381759;79555771;76173983;21122459;156953.9;55324;551587540;68294000;164011419;732186759;384876230;37067494;27834816;760500390
mai/04;95414.6;106.03;761236.3;267151;110.83;941268.02;52.27;300888.03;0.51;7930944020;4830229172;25705317504;7833524404;3746205;14084690;301658994;738761974;259330813;369344186;32244076;96277826;231603147;24615219;159498.9;54872;550615137;92520056;114406903;734008556;448812347;56016852;29503907;875132053
jun/04;95584.4;107;926578.4;322731;111.91;946539.21;51.77;304676.73;0.71;9306641136;5523155106;34269174036;10132944638;10180864;17489550;394248972;1045129879;305721788;374335484;28370523;86051932;295307681;8054573;165342.2;55580;544263938;111155126;137065609;809369151;466606180;58557397;31042666;975839171
jul/04;97393.7;111.47;1097949.3;380813;112.98;944978.98;50.98;312286.51;0.91;8962900814;5522542967;37311383481;9274375292;32165448;19066602;489420819;681140782;330490170;333878605;44969962;107397080;231719816;19542337;171370.9;58082;558319960;92472444;136382609;815166369;484082821;56209442;31653709;962863664
ago/04;87887.3;110.65;1267128.2;438498;114.15;945701.39;50.36;322434.84;0.69;9051481682;5617645595;38307945336;9001272608;59615813;19659776;505739417;580532355;350573056;238813797;37853551;101290107;321934004;37300525;169178.9;57685;595847802;84396781;142169199;823085410;447089339;35141191;31911086;929027333
set/04;89504;109.21;1431830.8;495613;115.24;942224.68;49.74;329702.81;0.33;8912129563;5744523506;33817106111;9680013559;63673561;13976738;413057313;647765873;314267269;298808865;41542761;104718316;70818158;26475176;164702.5;57115;582877592;94059703;140618024;818278065;502824459;53440792;34450018;877751086
out/04;87423.6;108.89;1602367.3;553452;115.93;949353.89;49.71;332441.74;0.44;8835878929;5841240001;30010889468;9286933313;83163770;15328525;407411003;240405595;338704685;235363739;48760443;105642077;199131186;30335488;170536.5;57839;568220075;82148030;116104573;823481320;467807073;36711372;41011966;1194449557
nov/04;79342.4;109.59;1779288.8;611938;116.37;945276.05;48.9;346267.65;0.69;8151338312;6069456906;32230966013;8866877912;61686186;23371362;446745135;115603969;282774372;221942720;37680694;121523269;192455031;17945432;176921.5;58485;654106986;72908343;162075901;911281328;573235059;59784517;54760758;980481917
dez/04;76677.5;107.56;1957751.2;669340;114.71;961136.09;49.09;362200.82;0.86;9189831767;5674809686;30215162864;8217852360;50912894;14157528;416648421;97078959;280825906;388389797;59030706;116901223;221454284;23308657;178462.4;57402;650599943;73128109;133875879;816551112;535311085;52466299;49470313;922687561
jan/05;79220.4;103.52;163540.1;67201;115.4;958542.86;48.49;365298.35;0.58;7485629350;5249728106;27018457908;7236485711;23943854;20942158;355237719;76755882;216866337;279209900;66946088;70387017;213392000;26091175;163540.1;67201;593890394;70733429;134099655;798688318;439401029;43113289;38445487;754246053
fev/05;72762.5;104;324241.7;134995;115.85;961434.65;48.2;370609.3;0.59;7784903487;4972504954;29351973932;7663796279;21419043;18186442;417022083;90784746;283134722;199799098;58507661;100735619;194290086;26416854;160701.6;67794;550125046;71186400;83577957;720608516;440835530;49110334;55749579;897350045
mar/05;76753.6;115.42;499710.4;210507;116.45;970529.23;48.22;364121.42;0.61;9294172710;5899499577;31668559253;7627056887;18975602;19739537;416993980;400654369;349835297;164902045;71739898;122067599;117354610;23480376;175468.7;75512;717867753;99601869;140313444;828616075;569253303;80459398;56036887;876654204
abr/05;86115.5;112.35;676889.3;285274;117.85;956982.76;47.07;378179.32;0.87;9251741241;5322289594;33010775823;6964466665;10205858;13828286;581312383;613457998;356152589;172474438;43367541;121770522;290641403;14846736;177178.9;74766;627874883;93621354;112186100;918734542;476422289;54701906;33674443;684932694
mai/05;85365.6;110.86;854386;359010;118.98;952854.87;46.46;396527.2;0.49;9852770464;6362747208;31461522020;8510098665;4628891;21332594;616498928;527635325;424026350;215597217;37653012;148344897;311845917;20975543;177496.7;73737;758342094;85511560;162851079;882821875;520767864;50112945;39160408;1268416931
jun/05;85353.6;111.5;1035267.8;433211;120.01;960506.01;46.48;408795.54;-0.02;10225065341;6158080439;33084167481;7644351390;2129788;19893028;686228123;709061215;399208611;248179397;53317964;145133335;23922092;32325342;180881.8;74201;746731779;87788593;146737664;940856924;617955276;61743135;40806181;698265639
jul/05;84912.7;113.15;1219341.5;508923;120.67;970176.25;46.66;405982.45;0.25;11087455272;6048467166;36821101110;7569358903;13112587;19590440;652821732;667321620;411659376;269394717;44911470;117834234;850080347;11347000;184073.7;75713;670985726;85656856;111740092;971852294;537578526;51378856;39901091;878363217
ago/05;76402.1;115.15;1406588.1;586449;121.41;976027.54;46.54;413063.41;0.17;11346546520;7685088674;37789606810;9682823500;59065356;20132839;701746093;696135205;434229188;332976351;47611394;170000892;636207175;20849918;187246.6;77525;823925635;85160869;171114356;1098039638;634101885;63393726;45892384;1619138416
set/05;71971;110.95;1588126.9;662175;122.46;971650.69;45.96;437404.65;0.35;10662759603;6303019900;33163484594;7795576522;68210765;21220767;628264690;547428826;381766235;334898510;45257045;168363794;560060719;37117309;181538.9;75726;812066784;63168234;134098156;950332252;617693776;77167247;42800605;992570106
out/05;74308.5;111.33;1777309.9;738978;123.08;978031.3;45.86;434005.46;0.75;9933356197;6218255099;32185612183;7231469027;74516604;17812953;700518209;441201013;368176981;165473695;41672694;147957649;189924472;28574989;189183;76803;717863691;72301109;134298954;1015923143;635258867;80081365;51138038;1051285382
nov/05;74293.5;111.73;1972104.4;815671;123.21;983151.52;45.72;445631.18;0.55;10850018013;6697633206;36082178540;7980901304;81540356;19157021;746982300;340663805;378211628;270215644;34364415;203067792;476863854;39982974;194794.5;76692;756340564;75093682;192091391;1051420064;728671804;119430129;61931683;1066575778
dez/05;70835.1;111.25;2170584.5;892033;121.87;1010240.62;46.54;431745.21;0.36;10918438346;6551077540;35351999772;7701410155;71983301;17556521;793013709;233947151;392105424;515317893;45095993;166166041;299867060;32359706;198480.1;76363;820187847;94343811;148310817;972377689;720039265;87681390;78630742;1106658720
jan/06;65920.4;108.55;185564.8;85112;122.42;1022617.57;46.64;461636.68;0.59;9283573556;6441071084;31167339071;7229375662;51347841;21333184;607706998;178997738;355765978;173150619;34887650;85903676;721417096;26530656;185564.8;85112;759860665;116930116;191644976;955565710;630123377;81415313;44055340;970252892
fev/06;62900;107.8;364047.1;169678;123.38;1023883.68;46.32;479638.21;0.41;8763461652;5962608262;27942179887;7341073444;23188826;12037454;576832015;171610923;398464347;193784363;38642442;145157859;235088202;26867298;178482.2;84566;657091795;106206958;185913220;891188762;571322243;59460380;50575485;1055440318
mar/06;62711.5;119.09;554270.5;263242;123.86;1032060.29;46.38;475253.4;0.43;11393675691;7704100178;38767003017;8910418290;27459183;20081511;835991094;620410217;424002359;267705565;51542167;167096222;360583552;37128164;190223.4;93564;903977076;89721537;217952389;1285620677;795113019;133370335;87919314;1300914046
abr/06;65403.2;112.61;739301.1;352569;125.11;1019291.28;45.65;488072.82;0.21;9826915240;6734804386;29342140235;7124064576;15860380;21696984;545378409;653130689;354169989;248854739;36184907;150738285;402139078;22115651;185030.6;89327;719272669;89518175;204982253;1120186261;695018210;132870376;47526890;1176461066
mai/06;64984.1;117.19;937175.4;445807;126.18;1042621.49;46.27;453372.83;0.1;10295335190;7272316728;26402215540;6581729103;6612893;17812881;457643288;695941023;362042675;166791777;64853409;181264566;368935921;55254364;197874.3;93238;866268913;68981777;196572624;1137361321;814649742;140996728;56880794;1115800623
jun/06;66662.1;114.4;1136247.3;537052;127.04;1037934.84;45.69;479748.02;-0.21;11452428542;7352736030;35422268402;7552133323;2971605;13276774;790138827;513305082;372302507;464234846;39702946;173637755;448002825;31532198;199071.9;91244;919513748;71489732;203009657;1085693054;771716582;161706402;44540163;1276634636
jul/06;64670.8;119.41;1343221.8;632671;127.89;1045318.25;45.56;480517.72;0.19;13645350180;7973597590;50688205992;9491242211;3739729;13818546;1069616747;978044623;396513067;87440430;77704645;163364370;869938847;25352901;206974.4;95620;932964207;128562671;285788644;1185682562;813119797;180795678;51985340;1246224019
ago/06;60227.3;121.06;1553039.7;730042;128.61;1049893.42;45.31;491063.34;0.05;13651773501;9100451125;40245678817;10754222353;20017628;13416168;860180294;670186919;414815924;297572212;64626700;174476896;725090370;37130131;209818;97371;944294486;118663349;212931685;1243016804;955690036;190032105;58250544;1697404744
set/06;61906.4;116.21;1754095;823054;129.57;1061646.39;45.44;488472.62;0.21;12564475317;8097103632;36896360173;8758493457;39961353;12098482;786793164;449831982;387669587;328023967;82892230;141903752;970097246;29455883;201055.3;93011;930793176;107095658;245606306;1097074697;944946018;204635184;56613554;1275536232
out/06;64924.5;119.33;1968366.7;918530;130.25;1061724.39;44.96;495623.37;0.33;12681615567;8720351914;38913430658;9906495995;54537763;25168670;913696848;379313988;369118253;181529286;63555298;158941579;536180576;54164784;214271.7;95477;970609501;141442145;221590529;1244155463;974056893;191863111;70396730;1441920326
nov/06;58367;118.67;2188090.8;1013526;130.47;1074336.32;45.02;496000.15;0.31;11890951040;8650487655;35419809654;11056959013;54710617;14497404;793800366;235974241;359144649;281188239;46826333;146840747;511483460;41213355;219724.1;94996;929915644;110220507;291110082;1161054314;1049398271;207130944;81423937;1717407704
dez/06;57901.1;116.3;2409449.9;1107131;128.98;1091255.36;45.29;510600.49;0.48;12258541283;7183226766;33182782067;7565769297;37816009;9202165;711093267;116676618;403277919;551121276;59398484;179986545;745331539;38861678;221359.1;93605;981427552;153939500;142330509;942789306;995174863;229726717;80312851;879471472
jan/07;57308.2;114.79;211130.6;106106;129.63;1102636.37;45.28;519156.44;0.44;10977014469;8438278791;36004093302;9203375654;31309019;16472845;866132381;138464515;302139547;220939457;74598362;99778514;708401020;45943151;211130.6;106106;1030409729;158325446;279267776;1141388766;861581994;87475219;64340487;1426165978
fev/07;51526.9;113.33;413834.5;211269;130.44;1111459.95;45.2;524917.33;0.44;10126617834;7218817764;31187984623;8226417628;20165893;21640819;718149904;206561696;331478692;150391722;53770120;170115802;484405508;36363826;202703.9;105163;796457144;161281380;163337994;999950368;791152684;119049558;70215953;1100932491
mar/07;48471.7;125.11;631423;327967;131.22;1112960.56;44.76;543013.54;0.37;12882221542;9503352251;36019044061;10622472987;19634137;9632514;827541851;561777651;360840010;397974317;69680145;187274931;542596040;70981094;217588.5;116698;1089563301;164140172;366859766;1236706678;1169640749;227584473;110208132;1459586728
abr/07;53910.5;120.29;846551.5;441184;132.79;1106671.09;43.97;544326.93;0.25;12441325632;8248527637;36662255709;7821154073;12123854;27057379;767607425;844895958;350160494;227416658;64742828;170711529;695026639;85603028;215128.5;113217;974704251;116400737;223288776;1197159055;1005437941;189496493;61094594;1160461143
mai/07;50055.3;123.9;1073089.2;558281;133.91;1105428.31;43.43;573325.2;0.28;13639244106;9773823822;39526441325;10140865381;5465053;15650401;891562872;825729511;368100943;271721963;93970124;169959448;570385642;42799877;226537.7;117097;1206917366;137398829;256374522;1290362871;1114019208;218482546;70565492;1465660989
jun/07;42793.9;122.38;1302077.7;674209;134.87;1108049.12;43.03;575490.35;0.28;13112703159;9284865192;35567014701;9706853232;3104156;23409992;735935825;817432365;425961404;509388243;62607926;171778483;488465839;74750314;228988.5;115928;1143234161;124353509;219546493;1181722375;1043895183;248792841;49575807;1440522854
jul/07;40406;127.85;1535901.6;794510;135.59;1110791.71;42.69;591854.07;0.24;14111142334;10763401381;45466533677;11072828659;16651890;18051838;1089285350;859556936;453347667;225678900;74708308;173011846;702271728;36028332;233823.9;120301;1227732025;178210165;377390332;1335362963;1181170181;250562948;57760284;2002246536
ago/07;43350;129.05;1770920.7;915978;136.34;1123920.11;42.78;573077.76;0.47;15094325172;11550294251;43845494959;11116920891;53142285;17180702;995296167;763424128;396529584;334238094;71188047;192717967;874899327;66246201;235019.1;121468;1418287380;216148390;274646597;1494838571;1307452660;317244978;63941760;1739459173
set/07;45120.4;123.24;1993923.6;1032469;137.68;1125937.87;42.5;612555.29;0.18;14154511857;10699705074;39116271100;9737166200;82056697;21223046;890848213;543682814;380699425;682302422;81645910;175953151;728282955;58340659;223002.9;116491;1312157096;127843513;267053457;1353347346;1261808960;334783315;58202389;1933763820
out/07;45868.8;129.17;2235863;1156381;138.75;1152686.61;43.06;661247.48;0.3;15752432004;12348614219;44018643028;11646617659;79132260;23096248;992179346;664188525;478420247;374100120;55269370;168703631;1008655552;81496163;241939.4;123912;1316143427;165414794;211161590;1603525314;1589151880;422309299;88519129;2075034509
nov/07;45059.3;125.88;2477801.9;1278085;139.41;1161273.55;43.02;651339.7;0.38;14010939347;12041919507;37024148034;10385972201;95272727;19599455;858182806;290357707;446508005;671550284;87554644;199832811;755651537;67330183;241938.8;121705;1381864751;108627287;253263940;1478098701;1518434647;355212544;109149973;2275217890
dez/07;46625.5;122.43;2720262.9;1396797;137.9;1181418.39;43.43;667279.52;0.74;14219405299;10603783084;37217023421;9269802445;88783522;25505608;925189314;193309279;359283876;653166012;63057021;174436511;1346023676;43303409;242461.1;118712;1398977362;208396900;238318209;1178359082;1310135538;350018100;106519673;1945010458
jan/08;50864.8;121.86;237248.1;131280;138.71;1173193.13;42.72;666776.43;0.54;13267003721;12356607690;37405538248;10733054886;65078698;19907174;962205273;250720594;405265597;231050178;77171840;163486992;615869133;55283103;237248.1;131280;1648980025;310964478;291238872;1525635684;1358393814;325101386;93342691;1550654313
fev/08;53080.9;121.91;469929.5;262931;139.79;1187260;42.76;705652.3;0.49;12792862019;11969970471;35094882988;10903509410;45940913;15682818;921420952;186175798;292125573;362088612;56390532;167301566;607035185;63158374;232681.3;131651;1397161208;402898982;351114166;1409391381;1268834091;243020992;123728989;2011041866
mar/08;52760.5;128.99;712055.2;402727;140.83;1175814.84;41.98;672547.53;0.48;12605663747;11640531369;25770325785;8416140825;29594716;13803996;533887444;561759980;375122142;583214743;62881421;192475197;367863659;57092865;242125.8;139795;1207057420;231499763;222334617;1468425136;1390646880;365480115;82490919;2268213036
abr/08;56229.4;129.48;960850.5;543680;142.33;1187179.5;41.88;703972.66;0.55;14046778995;12343736992;31859058177;8779180886;29462157;20476442;682205769;1397646209;376522383;334974918;59548317;155282789;147273473;26313391;248795.2;140953;1516885572;100313585;335084274;1571303571;1444683131;417449784;84289749;2147893495
mai/08;51150.2;128.92;1215788.5;684854;143.37;1205083.17;42.09;739950.37;0.79;19291294936;15240387212;55887968183;11887730521;15232371;11980416;1517848075;1860281570;402748045;382753211;67936564;170676123;1939748035;53005814;254938;141174;1765485663;125281141;376810484;1711087799;1487343085;443144295;88300165;3244894954
jun/08;51583.1;130.59;1481580.4;829355;144.96;1245468.95;42.95;782772.26;0.74;18581634423;15882447756;43447585091;11404946756;8663811;34033767;1626065263;1506029479;478145487;712237274;45610354;194250181;1799810490;63438153;265791.9;144501;1777824743;173573944;449359315;1711571124;1670270586;454556659;88304699;3385589582
jul/08;46907.7;136.53;1759677.2;981285;146.02;1258612.6;42.75;803814.41;0.53;20435789299;17147067713;46864653626;11104547928;12279853;38544631;1975865187;1901275553;488954666;310224853;80806256;206955131;1345171349;58876126;278096.8;151930;2103727227;272592543;422907255;2019252854;1843099799;635034877;108503571;3324258242
ago/08;50007.4;133.87;2028912.9;1130034;147.26;1252750.34;42.06;766864.8;0.28;19736614007;17461024929;43191700772;11883795640;64304394;21298947;1908527309;1219805263;421628300;414473595;100140997;185773512;1950324900;107737122;269235.7;148748;2291253465;233842686;409849361;1804054248;1905494766;481714642;106392741;3687433177
set/08;54724;132.6;2294183;1277497;148.68;1210130.01;40.06;632417.04;0.26;20000906122;17274187149;44567344527;10599239534;110511330;26662478;2137911295;900387877;488702649;631062205;109663325;191299560;1107032760;80511657;265270.1;147463;2152937723;175582940;359869792;1924536677;2158851748;614384974;112645873;2971636462
out/08;54628.6;132.8;2574705.4;1426277;149.05;1169102.57;38.22;552897.88;0.45;18479927163;17195476814;42459154290;11092391508;142070133;21858272;1916838521;524600381;427923839;307320829;67377975;212156934;1383657889;71733031;280522.4;148780;2074575974;180654966;461887004;1822524407;1962423644;567917197;119862908;3164393159
nov/08;54116;124.58;2845402.2;1563376;148.93;1147607.87;37.17;492049.85;0.36;14737195787;13104641809;32438297106;8469845446;93229631;29470433;1372279398;311204065;365950497;396126072;55859708;188933880;1125021707;100422849;270696.8;137099;1705072901;146888755;351653984;1420206328;1744413768;447130935;103902944;1664408598
dez/08;61288.2;118.9;3109803.1;1693147;145.74;1175202.88;37.79;503040.36;0.28;13803187866;11502508881;29955332951;9219189753;79690097;39657430;983488091;332309772;392647627;829721217;48863697;147371468;1166799569;114661243;264400.9;129771;1939954280;125748244;267360460;1062021661;1458615046;346835682;108813999;1955613627
jan/09;55829.4;115.2;249932;124896;145.43;1192857.29;38.2;515184.11;0.48;9772175972;10308172984;29834582806;8015648605;60130827;7880697;1029200062;252959462;169978693;193619224;20427272;53565221;324545828;53030990;249932;124896;1737100352;121796721;184825666;1104613152;1248121424;296261079;60619110;1406742023
fev/09;53168.2;115.26;493952.2;250311;145.65;1198527.06;38.24;504091.13;0.55;9577634744;7823140395;29769581160;5897321350;58520054;16659311;993873188;264420003;181799113;279660613;27353612;65155104;504198570;53935677;244020.2;125416;1257824124;159875774;129467042;928553375;1102537527;209812702;65681501;869652194
mar/09;51239.3;127.81;756127.1;389246;145.96;1196634.19;37.94;517038.62;0.2;11802303703;10057869968;36208430825;8374540218;61210984;15161210;1318969157;973432461;252600222;470685246;35171676;75762770;284745283;118603028;262174.9;138934;1665874677;219108316;133046584;1135146897;1632864092;347749792;118983546;1232456993
abr/09;51626.7;123.09;1015684.9;524052;146.61;1217629.67;38.48;559186.99;0.48;12316275443;8628674830;40281390771;6512443311;51306926;14794470;1401430447;1541992716;277122487;267312423;54227435;69915009;462352625;90113409;259557.8;134806;1631748288;146316269;125523550;1047503267;1319076691;382011743;71255943;885382157
mai/09;50414.9;124.41;1284005.1;660504;147.39;1255305.58;39.5;636500.14;0.47;11977494512;9370142178;33090677563;8770820789;35120225;8792488;803343943;1723759803;250737029;193736367;46668024;57786271;602785281;74953001;268320.2;136452;1432742945;146441580;179312557;1056708279;1376379392;377361088;67139710;1290491212
jun/09;47094.4;125.61;1559704.6;799416;148.08;1271909.27;39.9;651993.68;0.36;14460763044;9876841477;40959680701;8479789470;12775338;13462563;1010765844;2576884548;302627988;517082192;61335695;74700574;516081984;55600088;275699.5;138912;1360927053;151567176;167628849;1174224010;1393267783;452843170;76355225;1337777908
jul/09;47639;131.44;1845145;944042;148.88;1309624.96;40.99;699660.73;0.24;14137399035;11243948773;44200020362;9516256357;14022014;8262086;1181081346;1467994595;263643536;211272988;65464863;71774497;1278703323;92520509;285440.4;144626;1491433293;118766774;183140531;1322351708;1586379944;439315454;75896791;1565670918
ago/09;51507.2;130.7;2129385.7;1088335;150.17;1315493.35;40.98;697652.39;0.15;13836142431;10798619015;41317220508;8894876144;51196204;13404797;1040735107;1306252279;252535075;275873794;101005558;68633163;1301955579;76779797;284240.7;144293;1372637234;152005135;166098980;1307271256;1614323856;499120362;74762071;1252261632
set/09;52482.5;129.81;2412547.8;1231923;151.55;1352484.66;41.9;760977.13;0.24;13855605344;12562783403;44322553025;10566770401;79317395;9785266;1252950493;817739522;266583720;473819698;69051698;101165964;765003495;47145094;283162.2;143587;1562291238;138075136;246952910;1459270078;1854879946;577846483;93489027;1849598114
out/09;54256.2;132.48;2714443.9;1380762;152.81;1359093.2;41.82;779654.2;0.28;14075282510;12777304965;41657062531;10227760468;102157178;19723640;1137282758;315674629;355976145;227812445;94411380;88916697;1169958994;73462207;301896.1;148839;1557541404;158128309;241360979;1533506475;1985780925;592285666;102915936;1692227037
nov/09;52338.2;129.62;3019500.6;1526875;154.11;1358562.54;41.37;776454.56;0.41;12642994284;12057489264;35752071575;9100823538;66971916;11708103;978751262;84128257;287810366;213769324;70422900;87592597;1018090328;104968837;305056.7;146113;1609259928;140969537;159031892;1495964109;2032146476;603285347;124348454;1477876647
dez/09;50011.8;129.23;3333039.4;1672625;152.15;1378128.65;41.35;791845.93;0.37;14456509361;12307166647;38058542379;9540366706;91847594;18086309;1098520069;99044463;383496844;535677933;73212400;146907368;923870215;71924446;313538.8;145750;1794471190;195147801;204410710;1322795608;2120248216;687719167;137941748;1814137217
jan/10;48234.5;125.81;288980.4;166863;153.25;1354993.66;40.18;723048.91;0.75;11298307700;11503770885;33595050561;9009070225;47171531;18060693;962088687;45344090;279171796;257681775;89323376;78550324;1014449589;71285489;288980.4;166863;1525690279;182764605;266914561;1343587799;1676444824;517518738;89407478;1329106451
fev/10;47457.1;127.61;574719.4;335952;154.44;1380642.62;40.44;762701.7;0.78;12192002643;11813442316;36154827807;9723936433;39534652;14153641;1165060812;265511705;345804205;93890708;63360484;96302030;1190359019;64613599;285739;169089;1511568181;216743729;235368671;1359137213;1664496957;454164104;116712948;1683044286
mar/10;53506.1;143.44;886397.4;526079;155.92;1399577.96;40.41;786191.42;0.52;15722338627;15054279307;44867383638;10929022521;38679128;23827858;1429278088;1164902411;373336390;435095214;91576958;142140121;1524449171;74797120;311677.9;190127;1934203723;163928661;266170509;1713235344;2225434579;605664367;181337611;2056250347
abr/10;55910.4;136.87;1193504.3;709252;157.52;1405027.69;40.02;812248.64;0.57;15152532140;13879032814;38873197552;11593602161;30288243;19441165;1439588863;1797294094;311160676;285708582;103529199;116511626;1305536054;67302423;307106.9;183173;1633415031;153894528;225962134;1536895534;1881179964;592872933;127679876;2435822953
mai/10;56352.1;136.52;1509509.5;891861;159.13;1407973.82;39.57;775358.68;0.43;17691830074;14244396090;43896672318;10676219365;14831357;16301984;2190127351;2089591498;367574915;282375664;95037200;133282011;1743693234;66612304;316005.2;182609;1958063561;117722133;290055327;1609526610;2132183126;682435753;132047111;1996828098
jun/10;57424.3;136.09;1830542.4;1073819;160.31;1423889.35;39.51;790742.13;0;17088559146;14828947481;42617709428;11325825998;30294081;18636044;2324555243;1488413735;420632496;353783598;93236591;140612831;1151462983;76535147;321032.9;181958;2177254316;166090824;302101271;1714908596;2118604429;734751350;123752334;2226332498
jul/10;59761.5;141.64;2163015;1263152;161.32;1446566.97;39.62;823597.68;0.01;17663334713;16330730253;43812196660;13291193475;31914990;25426022;2839883317;1495975867;350807645;212148223;83270711;169239751;711758481;80404656;332472.7;189333;2351714013;168892636;309370895;1829451226;2209259413;656942811;116938381;2449679921
ago/10;60952.1;141.55;2497240.4;1452641;162.96;1459448.53;39.44;831499.85;0.04;19219141687;16828834654;49554568071;12152374147;117960290;22355765;3564136041;1155819865;345315709;252353625;98295472;158284946;1344990767;95565098;334225.3;189489;2641948066;145191281;308096806;1849433475;2462154816;817939476;120882388;2141400863
set/10;57474.6;139.46;2828477.1;1639634;164.32;1448230.71;38.63;855220.69;0.45;18825650957;17759446748;46771757717;13446364056;147401807;24638923;3308731021;824129024;384209524;370363129;96015098;156604855;1299147999;132746253;331236.8;186993;2688761955;160111986;304697507;1932109545;2637648562;851287767;136488664;2574182709
out/10;57068.2;139.33;3173443;1830147;165.43;1452759.58;38.31;854262.95;0.75;18372753965;16552228242;47302630957;12795314861;150986593;48203463;3434997184;430532901;432232653;298174701;62151537;174309772;716646334;133403586;344965.8;190513;2295328558;173263660;305559645;1779234468;2556320084;792600393;148428835;2225222471
nov/10;59175.9;139.68;3530117.4;2021622;166.15;1468353.89;38.2;856033.28;0.83;17682590623;17404503366;41363185408;12734812959;106691944;19571033;2703607389;139526287;393867718;410193412;105678056;160361970;1333048223;119392433;356674.5;191475;2479650627;175718683;297469531;1846067122;2840214314;902178185;155609829;2523717473
dez/10;57061.5;136.69;3885847;2209751;164.22;1495284.55;38.48;897853.1;0.63;20879294760;15575357222;51006812082;10433675335;65725685;19642692;3505665637;145958502;410496707;720001379;58210486;160693325;2815505352;106569925;355729.6;188129;2480006973;172679210;329818526;1526568507;2692337712;934223533;189830684;1648037679
jan/11;56097.1;132.66;333330.5;199170;165.15;1496047.48;38.07;894444.27;0.83;15207473207;14817847436;36506985363;10557185593;32944293;24010958;2538728069;107134951;139542680;120669916;61295477;74406045;1188396928;184254190;333330.5;199170;2106793506;220954345;369923317;1693847015;2325928121;737415073;123894297;1610100966
fev/11;54354.6;136.18;668448;404282;166.74;1514627.48;38.06;912206.38;0.8;16729001375;15546907843;37290359057;10692738807;25257570;30609886;2734505152;111012045;369135056;145976846;83758456;171146884;1677642545;36350268;335117.5;205112;2151277873;189518265;359734165;1660169741;2452874313;795108621;133604983;2331069260
mar/11;54490.4;144.93;1016530.9;623702;167.32;1527057.76;38.02;938053.79;0.79;19277222996;17735261594;41484978262;11423861061;16805951;28556987;2885060835;1383486048;384612135;401579127;44228513;166904617;1143710739;156694168;348082.9;219420;2318568645;181723327;394699601;1980869347;2714414253;831065503;182995961;2731175614
abr/11;61820.3;139.89;1365785.8;838519;168.78;1539945.02;37.95;979297.31;0.77;20161945930;18317800913;42177518120;12429507753;8556818;25294322;3129301936;2417293269;379961292;232137307;103381429;174045040;1536034093;131261360;349255;214817;2395931795;203758546;401229920;1804371662;2774508026;1016299338;155314070;3283281667
mai/11;64511;143.23;1732197;1059165;170.1;1555684.57;37.86;985171.66;0.47;23199365887;19679803667;46996032720;12761654935;3611761;25408919;3607067329;2558511249;331021937;334325638;109916883;191236400;2681815642;73178689;366411.2;220646;2730470449;197000759;522948232;2099986732;2667538535;891173518;150907661;3284273455
jun/11;65811.7;141.75;2103243.3;1277531;171.27;1569058.06;37.73;1005613.06;0.15;23683910083;19251134755;45046505465;12435371581;7163056;27587639;3486533431;2231998393;329975436;229413899;107169861;210513625;1776446066;122220241;371046.4;218366;2511025821;155435017;440225756;2054804899;2767016417;976405423;141302466;3229843823
jul/11;63072.3;145.19;2476577;1500622;172.09;1573965.23;37.48;1011870.93;0.16;22245125706;19110922861;46701884010;12200488679;61436754;29468953;3741503803;1841148599;348782362;78303537;143681691;192468200;2023005424;117555590;373333.7;223091;2439946370;218491966;333169758;2124955111;2915355337;1002325081;146116933;2729072455
ago/11;56754.1;147.51;2853583;1727993;173.15;1568355.81;36.97;988625.7;0.37;26148242211;22261138892;54737519914;14375324869;250847072;23432562;4469094839;1898957277;400720671;456740071;122976971;215659306;2396571771;139822763;377006;227371;2981918884;200172269;371405916;2319964470;3306595475;1102301050;147531492;3440237437
set/11;56875;142.3;3215577.5;1947810;174.3;1501918.85;35.15;810271.28;0.53;23279896966;20212024456;48966496435;13664658237;298794162;26857993;4083706483;1458146614;333358200;429870210;103717170;171119522;1379263750;98165500;361994.5;219817;2472387923;241336827;277221461;2098191945;3011468071;934336384;141828748;3487491324
out/11;58338.4;142.02;3594420.2;2171286;175.03;1557328.59;36.16;922697.35;0.43;22120463148;19775115640;44586673681;12470610467;373305831;19455368;3798356330;739963658;395242942;347389037;117545935;253574616;1750551624;158557048;378842.6;223477;2556347106;147146414;316409703;1989175429;3034618122;1004442981;149163546;3660642138
nov/11;52324.4;141.87;3984369.5;2394939;175.37;1535015.14;35.37;847980.96;0.52;21764079481;21202832161;48560209055;13411161271;284227550;30202733;3670797474;878197383;447536833;371415315;92885185;194264628;1522505197;163183917;389949.4;223653;3013328178;267362204;421429420;1902123769;3734105817;1478518143;179119159;3514629306
dez/11;56495.1;139.23;4376382;2614482;173.52;1536153.85;35.1;819238.36;0.5;22119579867;18333431910;51123620258;12280312278;224265997;28143491;3672558174;696235790;515745696;776133595;94233381;173096082;2527356605;107253582;392012.5;219543;2836697659;205886593;344788516;1699285958;3153581635;1120593177;167498711;2812857083
jan/12;58823.5;133.34;367752;189399;174.35;1571757.02;35.63;904088.02;0.56;16068815622;17447420464;31982700425;11106026327;103660237;18716468;1834601691;461791913;256429533;148843200;82702928;132001104;1553983918;112327787;367752;189399;2329666524;216760318;296185279;1958611165;2763601980;842712716;135621868;2605314548
fev/12;62403.6;135.35;735604.6;382064;175.27;1590253.05;35.79;930734.55;0.45;17997128340;16334451708;37626193928;9053507375;115471685;26712373;2187260202;715515063;406167686;226587895;82410385;164283389;1665696190;128820137;367852.6;192665;2363339735;133370359;275277868;1884027192;2680587040;756392261;147801177;2310053879
mar/12;64620.1;146.35;1129472.6;590824;176.03;1557626.95;34.7;855134.2;0.21;20866851083;18885646783;45565461937;10970264042;122830783;26088850;2775669082;2062711601;289316027;449209225;114897837;186874687;2115644731;161319187;393868;208759;2482381999;232350382;315412269;2159862608;3044871004;907751449;211113245;3014507803
abr/12;66132.9;139.85;1512053.8;790880;177.24;1534608.97;33.93;811447.21;0.64;19549415067;18699061373;42875697214;11503793740;96442997;37321605;2566938042;2261503830;297772881;470008992;131657789;161240865;2250979426;41696201;382581.2;200056;2605500293;199705695;252854948;1946010785;2493879768;827634511;145648633;3804072876
mai/12;68586.7;144.56;1913126.5;997246;178.14;1516641.09;33.28;750181.08;0.36;23201280483;20264119322;48585151947;12158611758;109552700;25905082;2752947996;3841228880;403309967;296846858;106156007;217201735;1779810230;127020367;401072.7;206366;3230963156;235861731;300434240;2209084843;2836133468;848697565;133795115;3325898200
jun/12;67383.2;142.28;2312597;1200190;178.89;1532365.01;33.42;758333.75;0.08;19340965719;18555490041;43029015350;12187626888;68844081;27919875;2747893180;2591946308;231478643;479846007;90466494;133669797;1065155301;115987671;399470.5;202944;2525232022;121068834;195205972;2004985360;2357069418;621595489;114583308;3780482858
jul/12;66574.9;147.46;2727982.3;1411582;179.73;1534757.32;33.16;748881.29;0.43;20982632833;18139149673;47199278872;12415957663;77978839;18497918;2843109430;2249733126;281396115;310044267;77023431;225859911;1348032731;131259912;415385.2;211392;2493962764;177198408;306233872;2086931138;2573843642;840949213;134094623;2811639693
ago/12;69304.8;149.91;3148710.2;1627735;180.44;1559624.44;33.39;765798.11;0.41;22366137466;19159157629;48608034224;12015412060;243916051;38750477;2757446551;1426016258;324761846;488444510;122962215;201012949;2334210463;66208502;420727.9;216153;2696601380;260047185;288490338;2145992280;3004362750;887514918;155729874;1746206794
set/12;67705.4;141.6;3543046.1;1832879;181.37;1557624.07;33.11;767302.5;0.57;19974692566;17452583093;46275166671;11385573541;313008828;14077162;2432265981;1009436666;306797000;335457004;70398644;173280692;1496664060;120011945;394335.9;205145;2518514152;225100200;223479340;1956738907;2655512312;575988335;152786606;2349496221
out/12;70673.3;147.71;3966454.4;2049076;181.78;1567887.31;33.02;772054.02;0.59;21724735819;20245123808;52979825435;12178540851;378704304;40390120;2642347027;573738630;308488085;275544870;118773653;154907537;794288048;87626318;423408.3;216196;3036896679;309079662;394641257;2218842259;3163437675;760181365;180243726;2271785883
nov/12;69429.8;144.15;4390948.2;2259707;182.13;1564275.5;32.71;742488.85;0.6;20467330620;20673385449;51059832593;14593419618;251523307;30438581;2637408019;166140844;280174108;642529710;99111656;181645255;1573939101;120666364;424493.8;210632;2698805389;254948966;221720517;1868541776;2996587507;813721958;202196358;4656544737
dez/12;65145.5;139.52;4814760;2463549;179.82;1581280.63;32.84;774037.22;0.79;19737321572;17511131680;50337244936;12220145084;221333724;20366974;2811405316;90022497;338653050;623235994;119278807;150242532;2311014633;92244925;423811.8;203842;2675439741;206343715;299032185;1554629242;2808837134;882059005;178902247;2584048813
jan/13;67515.4;139.32;414583.9;194234;180.17;1599520.85;32.9;804709.39;0.86;15961542921;20013308539;39756953834;12709236462;129654556;13826308;2257895056;257122;391285473;94941714;120501153;127667753;473625468;113430392;414583.9;194234;2649948010;265141905;316984277;2050903943;2713430700;554599084;146475340;4071735770
fev/13;60935.9;136.14;813690.1;385066;180.94;1631793.22;33.35;826266.25;0.6;15543267737;16834341142;35658326071;11372908284;93725852;27774414;2127173825;516592214;334134040;239474970;96770308;138853035;1032218102;129029576;399106.2;190831;2513786415;217874806;193487008;1739666893;2350603852;436342638;165165166;3007112525
mar/13;63046.5;148.01;1241621.5;591952;181.78;1623965.4;32.96;806658.75;0.47;19308488676;19138599304;39957413142;12793776821;77848560;25156753;2500197565;1910515708;275831886;305518415;138404934;123639814;1290209733;90312272;427931.4;206887;2581910809;327845321;386591214;2073995014;2877928410;713392576;199113414;3182081139
abr/13;67529.7;149.79;1681071.5;800750;182.96;1635030.71;32.81;817065.97;0.55;20627048032;21630002883;43372055602;14379314069;62357268;21655536;2535726834;3797342586;481748280;194264171;150925916;192716726;675674329;61537436;439450;208797;2842307076;221838896;379864027;2346584725;3105238740;879112645;210181963;4195221666
mai/13;70371.5;147.03;2120730.1;1005785;183.47;1618268.69;32.22;759251.52;0.37;21819448969;21048222939;48508754921;14243887426;51486889;29618542;2950349608;4152649753;509320985;362460272;131415111;197365771;1096945579;118636820;439658.6;205035;2800636198;236617696;318404745;2349295523;2796768997;828400517;192382932;4107889680
jun/13;66503.3;144.87;2564207.6;1208288;184.19;1617045.25;31.92;730043;0.26;21126804222;18830624180;45279352262;11559149399;26338662;32335828;2591040236;3437194975;456077075;239206901;168556469;179866383;728293100;64787118;443477.5;202504;2981555659;227287307;272797061;2204694133;2852606471;837932771;159031799;2323478425
jul/13;65401.8;152.13;3023785.8;1421265;184.53;1614285.77;31.59;705020.64;0.03;20800950742;22712863189;49485192373;15950622315;40733842;34605206;2665901411;3059711867;539013678;369414781;129480302;200885149;692158186;91611316;459578.2;212977;2769037070;308946783;238799819;2385340789;3048521424;885221395;176266840;4941290239
ago/13;68588.4;151.81;3478008.4;1634301;185.27;1615203.05;31.4;680974.35;0.24;21421598606;20208165119;53952120839;13528442786;88620308;27022839;2640517920;2894181791;558020646;220725659;70195192;238303363;1088002165;102940710;454222.5;213036;2644029860;264727709;241393258;2210915697;3083292310;772845886;170549828;2388612219
set/13;67044.4;147.27;3918339.9;1841044;186.46;1656896.58;31.92;743202.92;0.35;20844808826;18881649681;50728038687;12166019488;158531709;26666227;2789840363;1851415204;543891818;213063721;103225754;178774670;1553745089;86770279;440331.5;206743;2450607719;231697954;219626301;2167466298;2758634968;701898001;178877401;2522921802
out/13;61545.5;151.9;4386864.4;2054544;187.06;1683156.11;32.15;764376.07;0.57;22817525747;23049601170;52926850631;15633466828;185909733;40829510;3219179400;819712043;475958413;367816284;84488352;232266900;980878038;100631683;468524.5;213500;2949313913;278521246;371354061;2541527763;3493374165;1046181007;212801446;4011091274
nov/13;61517.9;147.79;4855163.6;2262651;187.38;1647842.63;31.22;708962.97;0.54;20854356184;19129391971;49436237894;12860769659;104777152;29744961;3008831750;349309289;432050628;411629883;124473767;211090856;1574214894;151764743;468299.2;208107;2570681049;263144454;280715848;2101795847;2876913396;700419580;167630802;2702451775
dez/13;56489;145.77;5331619;2468456;185.05;1660187.02;31.14;708875.76;0.92;20841721097;18204461518;49411987989;12372274418;86231707;30750208;3204876763;23416589;487393595;809077885;58697746;189628923;1770642759;125795232;476455.4;205805;2944296636;252657143;372889009;1766860082;2716997602;723498483;183693764;3092357470
jan/14;54765.7;142.72;460551.7;198076;185.34;1650951.25;30.7;680608.17;0.55;16022007486;20090904406;40564424275;13660895968;41277714;28706163;2482323823;17809847;284240559;127760100;137698661;102232801;1111427967;96539424;460551.7;198076;2988211882;252338353;278671432;2333409053;2739430310;548834809;146111414;3298678518
fev/14;51465.5;143.53;916659.5;397495;186.72;1686848.5;31.04;723131.35;0.69;15927730957;18061415737;37574866780;12441811406;44036039;26813186;2192735504;1385831718;238542555;122591590;109718149;138087354;795771598;74306200;456107.7;199419;2209788222;196508790;267568968;2004529375;2497337667;501975153;161537910;3592640528
mar/14;53197.7;149.03;1385941.8;604979;186.88;1706644.69;31.17;754351.44;0.92;17616147895;17508716522;42248985273;10824181054;45638648;30500143;2391705899;3147580092;250526105;312180059;49938981;120856685;975553711;66345324;469282.3;207484;2255075531;267922259;274845470;2204687486;2708410786;683042487;187006716;2274544172
abr/14;47289.5;147.69;1862235.8;811393;187.49;1716892.6;31.14;768047.15;0.67;19720508764;19213175305;45798157996;13953122199;40267300;32577361;2063402929;4134746497;300850817;368378875;75789541;131910420;1078398533;18432007;476294.1;206414;2578477822;268398830;264181011;2265480448;2647498138;723050956;152841491;3355658677
mai/14;40925.9;147.14;2342899.8;1017429;187.89;1750829.66;31.52;782179.08;0.46;20747454107;20041159100;51646707850;15229077934;61987042;26727168;2593557860;3866208695;320369757;281932971;91233079;139924054;1435617332;63099132;480663.9;206036;2653489546;275537725;367512190;2167131628;2788294327;722029280;150830948;3172581473
jun/14;38183.31;140.88;2808229.5;1214961;188.12;1779742.89;31.92;808275.98;0.4;20461913631;18119252149;50697408395;12747265686;41605466;17503468;2311931389;3571995210;280407660;312002302;103881319;150239519;1417716022;88718215;465329.8;197531;2412540479;169387664;177499144;1914662743;2690679869;728922637;132497404;3326845432
jul/14;39300.79;149.85;3298495.4;1424250;188.26;1799679.43;32.1;793929.52;0.01;23020904817;21458551946;54640786313;15766127436;36107942;18188476;2185525680;3151183394;259737680;217862592;160371091;128709872;2602565612;115739005;490265.9;209289;2522395636;305823060;403274446;2127987963;2847694395;678693440;154820953;4568163203
ago/14;37550.31;148.27;3784378.7;1631300;188.86;1838332.58;32.61;821050.73;0.25;20460237817;19302292833;49535559146;14269218091;152826804;17953120;1908706377;2135354923;267162703;118677920;89270985;133619388;1488898574;73369499;485883.3;207050;2263124886;283332915;266161424;2074552120;2844479050;611652403;159823704;2970030541
set/14;36595.87;148.12;4270363.2;1838155;189.64;1850280.06;32.55;755093.07;0.57;19612975989;20559338566;53246893717;14956659255;268489947;13025841;2226334730;1347500294;269980130;294700512;119347750;123380137;1327190582;69416482;485984.5;206855;2431162396;192961944;245745573;2153851439;2930601149;598620683;182920813;3928299636
out/14;37256.84;149.7;4773146;2048397;189.56;1878610.91;32.85;768788.23;0.42;18321183349;19509541940;51215035761;13649068741;266629286;21280619;1890397062;363993310;228743841;223574393;119747520;94118383;1301079260;139672793;502782.8;210243;2538479219;182756711;231098464;2239550282;3117104155;636363541;189282470;2553775755
nov/14;49541.27;144.92;5271195.1;2251544;189.65;1891087.24;32.9;738850.26;0.51;15640378217;18072035599;42566420712;13869447250;174809387;15199416;1579645195;81601150;260283342;395379048;89024796;112223003;1376055404;72287096;498049.1;203146;2392135818;146547473;350909122;1976146430;2685338628;658921246;176093496;2957213484
dez/14;55680.41;145.48;5778953;2454846;186.98;1915773.07;33.15;721408.75;0.78;17422958199;17191459211;56948973358;13917946178;182830068;23933301;1992823728;73572924;234277758;655124321;67950228;118395646;1446464989;147711537;507757.9;203302;2243051104;116281417;233930063;1651634233;2619136839;577992054;183284809;3479289157
jan/15;59505.17;139.01;481096.4;146722;186.69;1934268.91;33.35;726704.33;1.24;13685539814;16870914361;42155481940;12664997616;82771413;21728476;1196692144;35102725;113827446;141287561;87781954;60616368;1188709955;69214366;481096.4;146722;2594260166;131615030;300818619;2007626177;2345126420;352828573;142215878;2257784908
fev/15;65017.58;136.82;948092.8;291346;186.75;1927287.63;33.17;669731.95;1.22;12085854219;14933060657;39025895087;12204495287;82041158;19750333;1268483729;346160419;232375501;277095922;53203586;108953959;676721007;95513119;466996.4;144625;1696239137;181328310;275524063;1842649480;2200012778;399336051;172166267;2575985925
mar/15;72592.5;149.98;1456810;450422;186.92;1919732.26;32.82;598532.23;1.32;16974582658;16519082042;52106880410;13365618074;80111459;15727390;1387464343;2211790279;307187874;263762791;41400100;148582108;849856388;106118032;508717.2;159076;2070582649;201335647;280152489;2078822507;2781957600;538382682;196144305;1896264732
abr/15;67868.45;142.67;1950346;602014;186.53;1972169.01;33.61;658927.17;0.71;15146671341;14664925803;48817260271;12029736779;81299213;16860479;1162027319;2534258174;216311539;287748863;52878560;128153893;1088393159;25813373;493536;151592;2083669032;146046481;160315555;1901588510;2225416169;506328672;139241746;1734869807
mai/15;60968.07;140.14;2441582.3;751412;186.03;1984129.32;33.76;624313.05;0.74;16763260821;14011848151;52448395114;12081263302;26603518;19949288;930577393;3612716728;264647906;156618072;68961666;140031332;1149737010;71736342;491236.3;149398;1856074140;133166704;224745173;1605361460;2159463259;447915428;116827533;1680869595
jun/15;63489.3;139.01;2936861.5;900071;185.57;2033575.55;34.42;655590.3;0.79;19618414393;15100239873;59228468951;13131683020;26209007;17248334;1217944107;3762210842;429446229;496051981;52818843;199193246;1445919594;108594383;495279.2;148659;2047626462;124298599;265469392;1452730067;2416392576;550215898;124962161;2007686216
jul/15;59490.4;143.46;3447976.8;1053803;184.89;2043298.54;34.47;602139.02;0.62;18530260092;16137780935;61343110444;13385755608;23018798;31569944;1365214302;3224052598;328475833;401082847;82095792;172684978;1001821787;126834744;511115.2;153732;2407714932;172248135;464720648;1611065039;2617261407;526491870;135526714;1786031398
ago/15;63886.1;141.14;3949169.2;1204886;184.53;2034274.14;34.23;557931.53;0.22;15479260926;12793930239;50264746269;9140834385;79832147;25246929;971294358;2004886432;246546073;237210510;78411601;98141479;1132640741;18366163;501192.4;151083;1826649106;95348282;152394384;1493379468;2205036256;443782228;124923765;1041902582
set/15;63006.16;138.55;4445043.9;1352881;184.13;2029610.73;34.09;510953.81;0.54;16121955297;13198695562;58713171506;11335820379;166149542;26142549;1265744362;1429975247;238395602;304798876;58246192;136284551;788144333;52914275;495874.8;147995;1707762158;120486602;241000144;1467929282;2108137017;335360379;130671576;1429172550
out/15;65317.7;140.44;4962900.7;1503581;183.37;2094869.64;35.1;542965.54;0.82;16004721968;14053830493;58494661324;13289276532;253499100;25147249;1095969920;989567116;298560504;328788981;43264142;173837484;911490679;101014310;517856.7;150700;1665565366;142237758;189531679;1378923079;2239112690;372370379;131761629;2197629107
nov/15;60465.06;136.16;5475419.2;1649801;182.75;2160879.33;36.12;561281.94;1.01;13784326015;12607215707;49040067392;12961040641;160841512;23695953;900816371;551133264;287621606;325363901;53571779;126858020;671700966;122969351;512518.5;146220;1673230002;139666513;206556954;1297715371;1891391647;289852523;128829083;1786042925
dez/15;54637.24;136.34;5995787;1796168;179.93;2272217.17;37.9;581993.03;0.96;16776239795;10567475936;64759174182;10880681841;227514255;23435126;1274875275;281720842;402230420;814210550;43284462;131523350;876172681;58564032;520367.8;146366;1701015982;115931921;213390517;1027752721;1620744086;247230523;144594478;1322815482
jan/16;54182.5;128.28;489413.3;141880;179.51;2286788.39;38.09;565728.66;1.27;11237671888;10322817689;45157763995;9761713428;137806177;22045285;656110272;147635092;234134882;201746791;44461940;72099721;811488523;29601517;489413.3;141880;1932887715;113614975;137606434;1167052419;1589639553;136480764;134298010;846412606
fev/16;54392.06;130.9;981000.9;286268;179.07;2360392.03;39.15;593212.37;0.9;13342657735;10310002857;53073073248;10887109114;132802122;16413795;685591641;715347987;388307190;319646267;39891558;160543550;512908284;183389741;491587.6;144387;1203674101;127779509;221832085;1150613929;1845774285;179909632;174300438;1233533482
mar/16;52268.46;140.55;1499348.4;441682;178.54;2423128.13;40.13;680979.16;0.43;15991515695;11560680865;57443904297;12202083030;111105145;21785280;776310026;2924902326;399728868;375607604;36356246;150522453;510255830;106091102;518347.5;155414;1516867636;238243189;137438490;1333987043;1919974686;270218350;177499308;1121920969
abr/16;48956.39;136.07;2009035.9;592409;178.28;2458650.72;40.61;712611.07;0.61;15371702452;10510187072;55034720673;11406077577;58148281;20804143;960801118;3532371105;362436582;221580194;35978876;119102842;700856490;77898907;509687.5;150727;1317264473;146204837;261493622;1277360066;1613610620;268025480;154850077;1074060442
mai/16;45804.66;133.61;2522191.1;740850;177.98;2493775.18;41.04;693775.26;0.78;17568728661;11138188323;59930637511;11058692174;39300646;21216268;1341709579;3600309132;388399213;329443914;33464279;193886842;532942269;96488785;513155.1;148441;1420868262;174173707;225303727;1372483196;1669642804;269468664;142609680;984073457
jun/16;43892.31;135.35;3057557.4;891632;177.58;2627112.1;42.95;818619;0.35;16737988800;12771343238;54360019407;12041617530;38662846;21752249;1082605229;2971369089;360978893;408316820;44000293;197662837;966238280;80597511;535366.3;150782;2669191373;221230047;205837935;1310798303;1767934786;239025156;156821367;1058584174
jul/16;44641.6;136.53;3589957.5;1044112;177.19;2672668.3;43.54;825305.18;0.52;16327912914;11753856964;53741518650;11250312526;20552641;22211445;996427651;2424555157;310486011;221356672;47871633;172604421;906794823;102729704;532400.1;152480;1732544359;218301809;287763710;1261605743;1677409285;239427002;166511116;968265122
ago/16;44473.71;137.97;4123391.9;1198501;177.09;2742366.38;44.45;846487.76;0.44;16982986270;12849081694;58632515100;12812621494;84700527;23645262;1255996605;1590492888;448652806;525606207;59782435;232165676;1068827023;51151583;533434.4;154389;1380174998;205726268;218829007;1521984896;2088428854;239531312;213660034;968401887
set/16;41931.84;133.84;4634333.4;1348537;176.94;2805851.53;45.36;864509.34;0.08;15800010272;11994668595;57947507282;12899685782;160191657;29859147;1420275789;606519905;337209472;400237669;53284540;229326624;1102109824;105389890;510941.5;150036;1224862939;261632049;229040460;1355224391;1893550177;240553859;194056544;1090541745
out/16;39262.79;132.62;5159727.8;1498384;176.58;2824324.97;45.61;888012.88;0.26;13715472582;11379593538;47788516049;10487344787;174493031;31405999;1110600617;413785766;351310001;368588001;55644402;176927227;1110381319;59824529;525394.4;149847;1268293363;240023290;184889659;1414410277;1848232773;239792229;183218732;988075523
nov/16;36449.4;132.37;5700607.3;1648145;176.04;2831739.36;45.52;833820.96;0.18;16217946018;11466276521;49691563228;11249087222;144056969;21910148;1233893741;130913191;532183051;336472868;45584869;171534958;1161048155;68672853;540879.5;149762;1298037534;263892245;189228310;1434763329;1876871120;274388568;197331843;948457417
dez/16;36232.22;133.37;6267205;1799525;173.84;2994966.58;47.79;919124.31;0.3;15937523014;11529133620;52513651662;12355821970;113636802;12291693;1769019639;273121796;557520391;582538958;40559276;197163436;689946445;90779526;566597.7;151379;1403314023;280324528;183324739;1282170214;1937888148;251460268;210924415;1124883417
jan/17;37077.12;128.71;526821.7;160926;173.7;3047147.56;48.33;974650.58;0.38;14908254032;12197816186;50498650892;12733496300;48958059;20879612;1620234340;364832837;346436363;94917499;50048614;169755598;1764351878;114349816;526821.7;160926;1274015506;252959930;258838540;1610151248;1797590214;171895892;160110219;1078251214
fev/17;36630.66;129.83;1040938.5;323411;173.93;3109156.92;49.14;1003374.62;0.33;15468689520;10913271432;47015671561;11852315046;38202139;11386413;1469341168;1404183305;484165669;229272516;65815274;211166339;2072786736;79963349;514116.8;162485;1021043944;156782081;174304177;1263172213;1672250726;133532511;150598036;1576796815
mar/17;36530.04;142.32;1583533.7;501332;173.66;3138396.32;49.41;990717.95;0.25;20073937574;12937672447;62120240856;13159770983;54371709;17116239;2326461650;3534057617;610117101;260042389;102965966;262482757;1311569792;60262658;542595.2;177921;1419991118;188878876;305376731;1585134573;2027236270;234731597;197770884;1342138884
abr/17;40363.42;133.8;2106949.1;669742;174.01;3146590;49.43;983985.87;0.14;17679829041;10716655171;49075250998;10613720842;55132383;19763447;1622611038;3948237434;612633992;326400575;84697164;239332800;1000108138;68180695;523415.3;168409;1115746977;189929922;172818045;1390677654;1543505558;251324493;145995242;1242315091
mai/17;37951.97;136.15;2654357.6;841021;174.21;3199139.69;49.99;986444.97;0.31;19789994972;12129014411;63910290323;11566567591;35854437;17881390;1651576679;4063422621;622538204;441875707;68299348;248619423;1084204185;83393879;547408.5;171279;1180720862;221288377;223043406;1525088382;2100114919;302406374;156503574;1341711799
jun/17;38610.39;135.11;3210278.9;1011158;174.29;3230607.09;50.32;976722.42;-0.23;19779121415;12595233519;64078756759;13181373201;25531251;21673376;1365731282;3353721793;584104040;353183678;71858510;291570469;1974958218;92276230;555921.3;170137;1260820101;141763169;259984707;1467973785;1815690814;248982147;133585445;1640972691
jul/17;38382.8;138.4;3766816.9;1185208;174.52;3323550.18;51.58;1061803.19;0.24;18758765145;12473405397;59466538556;12664549982;31432097;18896566;1178013686;2534393319;526933809;267275929;55770767;251003858;1559444325;89240617;556538;174050;1339372147;136962173;285263550;1457679475;1735336470;214913328;140762285;1522331435
ago/17;33455.94;140.06;4321553.6;1362036;174.75;3367257.37;52.08;1070159.66;0.19;19470948763;13879233351;64491678625;13227015579;109835743;29096828;1334698333;2236097286;641596598;366539544;58063655;230502956;1346375839;110607225;554736.8;176829;1471185403;160269684;285770063;1665789315;2109544682;231701139;153782133;1517300227
set/17;31916.76;134.98;4849856.5;1533182;174.97;3411459.81;52.62;1077053.67;0.16;18659335519;13488327247;60460835862;12391716466;212713078;21803082;1608208893;1610496252;452087507;264861169;56862838;227364385;1224510541;122263273;528302.9;171145;1568795597;132333964;209920075;1597908419;2090065948;242864530;144112570;1313345531
out/17;30193.51;136.02;5399230.4;1706370;175.37;3415082.17;52.49;1042359.42;0.42;18871946607;13678843512;60907419099;11870027483;267037388;20196971;1969725055;939520529;589991945;165259489;53318159;251562292;1234825487;106053163;549373.8;173188;1581405814;120637328;234787872;1679438247;2121273184;303243699;168649611;1744863643
nov/17;31583.79;135.28;5964977.2;1879124;175.35;3453857.69;52.88;1059140.66;0.28;16683107767;13142506475;54910910358;12266053751;251936918;17887449;1522118933;815375845;568154464;296306616;60638768;263194906;877012429;62864966;565746.9;172754;1438215972;135267888;267416419;1570349894;2252530570;327854575;164967418;1604574095
dez/17;28044.83;136.05;6553842.7;2053273;173.79;3505361.47;53.49;1059854.11;0.44;17595288111;12597515273;54978444532;12422126870;226706054;21253987;1530433143;913398157;631042701;450781798;60418836;179083720;1174849249;110555524;588865.5;174150;1463771048;141164411;276188993;1405034556;2000872054;291012213;174699069;1650674243
jan/18;26042.36;132.17;555675.6;148986;174.21;3532846.45;53.67;1117352.92;0.29;17027282678;14202766580;52922656318;12789158095;130285248;13099678;1531067584;594256424;359157519;198123584;42156519;124557909;2097812220;69457274;555675.6;148986;1421011250;197173694;242338354;1737783962;2141739718;271648555;162654400;2117679487
fev/18;25051.21;129.9;1084597.2;295710;174.56;3560272.77;53.96;1097393.2;0.32;17410056953;14411341031;43290272269;10957372922;92584032;18736381;1257556973;1093260308;621938963;105553851;66947668;196158470;1526352825;97043685;528921.5;146724;3269911376;113986368;205658054;1485179006;2031120728;298959594;158135828;1695455689
mar/18;25207.07;141.47;1644717.8;455585;174.9;3579759.73;54.12;1077202.61;0.09;20228663253;13808687820;56673256227;11482026876;82162466;22043079;1677461091;3434666892;547500443;330742042;45636068;308974215;1697297641;121151077;560120.6;159875;1562562278;180097826;285856624;1620003677;2153658796;351506282;172372270;1794632372
abr/18;24843.7;138.79;2204050.6;612746;175.51;3566365.94;53.62;1024670.58;0.22;19712800434;13792173075;52478623232;11571306889;50201501;16399949;1485277981;4112601510;539203433;362229907;35551469;271777312;1866533334;114638143;559332.8;157160;1772461154;176806432;354840222;1634775964;2020374495;394391513;153895814;1542737594
mai/18;26610.65;132.47;2751067.1;763130;175.71;3540645.07;53.24;947608.68;0.4;19325063725;13260789020;62139808238;11141775548;33802462;11742784;1640389723;4998529250;490610879;319473723;17722779;204035898;1659626149;80118146;547016.5;150384;1458991184;153433516;224339167;1690488554;2221819992;326905247;145673186;1581024124
jun/18;28139.13;137.4;3331764.9;919450;175.74;3573675.31;53.54;926975.33;1.26;20114054526;14324850972;61932388786;11478324426;16257628;31075308;1639853498;4199194498;478649306;505589255;53872229;200780016;1259349635;101329507;580697.8;156320;1687159995;165022037;201924935;1753967738;2195714755;448383306;129039935;1516304693
jul/18;24352.94;141.1;3914765.5;1079407;176.01;3641522.19;54.34;969960.36;0.33;22524534227;18651023993;67901720416;13396195603;16101359;25721233;1811673217;4078914214;363359334;151514338;39440326;188910573;3465354755;132715700;583000.6;159957;4768388414;245596704;408946454;1730078071;2183636759;393209381;135594399;1602307976
ago/18;26196.25;143.14;4497456.7;1241848;176.58;3595765.86;53.43;869655.81;-0.09;21552692723;18778067740;63146674587;15648659357;43741421;21295113;1642962479;3209663493;503495194;246484468;70293157;193991762;1992925456;86037745;582691.2;162441;3798672896;227524241;326797819;1828057006;2399293841;519887463;122533249;2357953602
set/18;25128.33;135.71;5047931.1;1395981;177.27;3673267.23;54.4;917559.82;0.48;19187203958;14115911776;59874388740;12719786078;152818154;17829364;1767362506;1814546416;302680409;198118824;49315886;140060928;2598198042;86026214;550474.3;154132;1578430512;188167672;287576988;1599071038;2007179685;358768565;109452162;1556137018
out/18;23052.18;139.65;5635203.9;1555328;177.57;3772984.29;55.57;1015034.38;0.45;21897544885;16105955810;66358641602;13664238324;306780760;18691998;2071844496;2048368348;353994884;348145074;70144063;137387471;3167494991;137141652;587272.8;159347;1840124821;157182818;252032950;1789288487;2396263912;353162798;153925592;2268269250
nov/18;23245.24;137.59;6225741.4;1712292;177.86;3778639.62;55.45;978237.92;-0.21;20939075942;16862252082;59853648761;13199007265;367030308;31603465;1862400895;1898534149;343396563;142688673;70618962;177719159;2084912508;35349139;590537.5;156964;3885835922;151360993;203723634;1605433511;2091635061;305814819;151782058;1807864647
dez/18;22803.19;136.42;6827585.9;1867910;176.29;3832957.88;56.14;989354.67;0.15;19345019377;12916748963;59421445370;13359788615;394853996;41042267;1832508962;1572493344;236967747;559991419;68008996;126860937;1835460250;195502539;601844.5;155618;1546316671;208913709;307925262;1322701540;1635067613;160313956;152074302;2193285422
jan/19;22336.87;133.7;575506.6;146042;176.49;3867946.08;56.49;1059333.96;0.32;18100751168;16387772472;57191322489;12946210286;202917271;19203328;1712202804;776313475;185586946;186173994;61665640;116499425;2028953419;75151819;575506.6;146042;3640214532;213817186;286277759;1800711706;2068142855;248382091;146530797;1853686815
fev/19;21148.91;133.27;1139415.2;291835;177.36;3899150.46;56.65;1043139.32;0.43;15913601736;12621917034;50992435447;11439595845;159926002;19366567;1532745562;1897272260;368797606;137755528;28554471;95148307;1596785188;142839273;563908.6;145793;1382293775;205490880;260176770;1382487558;1999840071;239663919;170505134;1238391847
mar/19;19544.67;138.37;1713616.2;443709;177.18;3882047.42;56.29;996393.17;0.75;17677055271;13131306034;47651235248;11440108138;178671869;19871468;1391435888;3020951458;290452398;187128997;74786809;89015665;1995565620;80082594;574201;151873;1596933430;211084219;336801384;1518641365;1980542411;304075717;164156783;1618636142
abr/19;19607.23;138.32;2300886.3;596276;177.8;3898797.52;56.31;988363.51;0.57;19450708257;13627329780;47046058959;11205570894;125589877;15323584;1129471282;3333302920;403105661;315257427;60154527;138892108;2972157607;65306353;587270.1;152567;1594237503;227335490;207414899;1820793286;1887554821;224748797;162259966;1703417414
mai/19;22142.26;139.18;2900314.4;749624;177.98;3941330.33;56.49;1000312.26;0.13;20686959145;14967953392;59118215060;13037437073;140129869;14839908;1939037627;3440063708;315523433;357611995;73383862;133250347;2161957499;87849656;599428.1;153348;1779253816;158493134;281717327;1792499642;2174701800;317528316;142827452;2108645477
jun/19;21755.02;135.38;3493888.4;898786;178.24;3994529.3;57.15;1042522.52;0.01;18116648540;13027693568;54892800347;10910768010;103417964;15734643;2043262175;2962192449;390317310;209008564;54315044;157917304;1589001102;68641763;593574;149162;1683540632;154080815;186590565;1671371520;1745009576;266329361;123552104;1551952524
jul/19;21851.44;143.38;4103070.7;1055183;178.46;4018959.15;57.28;1067651.13;0.19;20054255707;17760881718;65596856702;15225459542;74388829;28833045;2560196523;2788466648;346775834;258040040;35942189;131109385;1406713025;124479159;609182.3;156397;2341088879;168626296;358497842;2011100537;2306521368;287537481;140772853;2043202826
